signal_type,cik,ticker,company,filed_date,first_trade_date,entry_date,resolved_ticker,has_prices,notes,ret_1m,ret_3m,ret_6m,ret_12m,ret_18m,ret_24m,excess_SPY_1m,excess_SPY_3m,excess_SPY_6m,excess_SPY_12m,excess_SPY_18m,excess_SPY_24m,excess_IWM_1m,excess_IWM_3m,excess_IWM_6m,excess_IWM_12m,excess_IWM_18m,excess_IWM_24m,newco_start_mcap,size_bucket,heuristic_score,heuristic_recommendation,heuristic_red_flag_count,accession,primary_doc_url,llm_scored,llm_recommendation,llm_quality_score,llm_size_ratio_pct,llm_red_flag_count,llm_going_concern
spinoff,0002023554,SNDK,Sandisk Corp  (SNDK)  (CIK 0002023554),2024-12-20,2025-02-13,2025-03-14,True,True,,-0.3879970918674021,-0.2247354936776368,0.6433782714230185,12.136993559271223,,,-0.348786386710627,-0.2886753644719299,0.4620596620407244,11.931138539916994,,,-0.3094252894293323,-0.2566185252051739,0.4577583927497637,11.888475554120442,,,5313634992.0,mid ($2B-$10B),0.7,buy,0,0001193125-24-283199,https://www.sec.gov/Archives/edgar/data/2023554/000119312524283199/d835366d1012ba.htm,False,,,,,
spinoff,0002011954,TWNPQ,Twin Hospitality Group Inc.  (TWNP)  (CIK 0002011954),2024-12-17,2025-01-28,2025-02-26,True,True,,-0.1320987804036656,-0.4506173333713233,-0.5839506510063147,-0.9882716056377926,,,-0.0887810579142499,-0.442136819743418,-0.6780613666649317,-1.155637474390265,,,-0.0829016088550854,-0.4056024782820846,-0.6833726019073313,-1.213929061771668,,,980205408.0,small ($500M-$2B),0.1,pass,1,0001493152-24-050385,https://www.sec.gov/Archives/edgar/data/2011954/000149315224050385/form10-12ba.htm,False,,,,,
spinoff,0001658678,BSEM,BIOSTEM TECHNOLOGIES  (BSEM)  (CIK 0001658678),2024-11-27,2024-11-27,2024-12-26,True,True,,0.1656920102614614,-0.329434658138798,-0.0526315946022255,-0.7037037030151798,,,0.1649104608412803,-0.2624720392665728,-0.0858897660154749,-0.8595850220069954,,,0.1632549765547783,-0.2153690831645999,-0.023490274319009,-0.8150972397113732,,,227147166.0,nano (<$500M),0.1,pass,1,0000950170-24-131535,https://www.sec.gov/Archives/edgar/data/1658678/000095017024131535/form_10-12ba_q3_bsem.htm,False,,,,,
spinoff,0002015845,ECG,"Everus Construction Group, Inc.  (ECG)  (CIK 0002015845)",2024-10-09,2024-10-28,2024-11-26,True,True,,0.0821068190827754,-0.39132456920221,-0.107978325192555,0.4074360058709103,,,0.0881624915499719,-0.3664928469739252,-0.1010590638718506,0.2611104993826159,,,0.155125315827907,-0.2615758994740581,0.0326427363754622,0.3755723031301612,,,2501038694.0,mid ($2B-$10B),0.7,buy,0,0001628280-24-042608,https://www.sec.gov/Archives/edgar/data/2015845/000162828024042608/everusconstructiongroupinc.htm,False,,,,,
spinoff,0002000640,DMNIF,Grafiti Holding Inc.  (DMN)  (CIK 0002000640),2024-09-27,2024-11-18,2024-12-17,True,True,,-0.1769230769230769,-0.9525641025641024,-0.9987179487179488,-0.9993948717912038,,,-0.1782298319624373,-0.8918158264577637,-1.0011620227380649,-1.142719887884031,,,-0.1713835568926148,-0.8364837068403307,-0.9197898060737192,-1.096942456627501,,,738207138560.0,large (>$10B),0.1,pass,2,0001213900-24-082388,https://www.sec.gov/Archives/edgar/data/2000640/000121390024082388/ea0214990-1012ba1_grafiti.htm,False,,,,,
spinoff,0002011286,AMTM,Amazon Holdco Inc.  (AMTM)  (CIK 0002011286),2024-09-13,2024-09-24,2024-10-23,True,True,,-0.1423623308235656,-0.2542431568832193,-0.2435053856005422,-0.2220298430351881,,,-0.1694910098510264,-0.2947236649305629,-0.2026338238472715,-0.4220001754093399,,,-0.2116927293572595,-0.2904249623747672,-0.1373092184388767,-0.3760978431989659,,,7198527099.592331,mid ($2B-$10B),0.7,buy,0,0001193125-24-218486,https://www.sec.gov/Archives/edgar/data/2011286/000119312524218486/d774986d1012ba.htm,False,,,,,
spinoff,0002009684,SEG,Seaport Entertainment Group Inc.  (SEG)  (CIK 0002009684),2024-07-23,2024-07-30,2024-08-28,True,True,,-0.1451613015570372,-0.0076080339426787,-0.2979306370567532,-0.2665855163168275,-0.2888009614987232,,-0.1718903807618745,-0.0867631987160211,-0.3502885205372253,-0.4276900106223439,-0.5383834330039801,,-0.162752486273642,-0.1189082903915828,-0.265041163562858,-0.3554908342930615,-0.514961255847503,,435072500.0,nano (<$500M),0.65,buy,0,0001628280-24-032621,https://www.sec.gov/Archives/edgar/data/2009684/000162828024032621/seaportentertainment-form1.htm,False,,,,,
spinoff,0002012706,SUNS,"Sunrise Realty Trust, Inc.  (SUNS)  (CIK 0002012706)",2024-06-28,2024-07-09,2024-08-07,True,True,,0.1607297896752295,0.3124063882274681,0.0555602548153482,-0.0065199208671503,-0.0601497868919249,,0.1188910262033164,0.1970919663880246,-0.1102150029678932,-0.2478735470747518,-0.4189581534671016,,0.1314199595581766,0.1984587000490316,-0.0705141835037281,-0.1095482348970503,-0.401240436521209,,122365889.71653938,nano (<$500M),0.1,pass,1,0001628280-24-030479,https://www.sec.gov/Archives/edgar/data/2012706/000162828024030479/sunriserealty-form10a5.htm,False,,,,,
spinoff,0002007691,,Ionic Digital Inc.  (CIK 0002007691),2024-06-13,,,False,False,unresolved ticker,,,,,,,,,,,,,,,,,,,,unknown,0.1,pass,1,0001104659-24-071135,https://www.sec.gov/Archives/edgar/data/2007691/000110465924071135/tm243976d5_1012ba.htm,False,,,,,
spinoff,0001699031,GRAL,"GRAIL, LLC  (GRAL)  (CIK 0001699031)",2024-06-03,2024-06-12,2024-07-11,True,True,,0.109128358674758,-0.1125600153739896,0.2168840023060985,1.6444749201322288,5.998627546775206,,0.1513400653994379,-0.1528673529012281,0.1670165186290231,1.5125585211000807,5.729148498420019,,0.1291585976789679,-0.1511213913520572,0.1811145949453909,1.5939571310884184,5.736152074615662,,560336677.0408058,small ($500M-$2B),0.65,buy,0,0001193125-24-152397,https://www.sec.gov/Archives/edgar/data/1699031/000119312524152397/d556103d1012ba.htm,False,,,,,
spinoff,0002007919,INBX,"Inhibrx Biosciences, Inc.  (INBX)  (CIK 0002007919)",2024-05-15,2024-05-29,2024-06-27,True,True,,0.017069684491852,0.0903271313077227,0.0625888431367907,0.0433854650406813,4.546230514199335,,0.0200164509588701,0.0396555229093185,-0.0451122490088875,-0.1011557399022213,4.265859514761313,,-0.0802776114709142,0.0035371125290502,-0.0614457867341176,-0.0478933116717321,4.29698569153811,,182686381.8889389,nano (<$500M),0.65,buy,0,0001104659-24-061562,https://www.sec.gov/Archives/edgar/data/2007919/000110465924061562/tm243190-12_1012ba.htm,False,,,,,
spinoff,0001964738,SOLV,Solventum Corp  (SOLV)  (CIK 0001964738),2024-03-11,2024-03-26,2024-04-24,True,True,,-0.0568146137604065,-0.0942713502070947,0.1410135183407448,0.0398174180491492,0.1328297500754953,,-0.0974747505347272,-0.1630013525122938,-0.0098009925503776,-0.0639615064935266,-0.2481135210595217,,-0.0846882807257692,-0.21317936169249,0.0250572707994629,0.0423714467168663,-0.1550596447947454,,13872420320.0,large (>$10B),0.7,buy,0,0001628280-24-010270,https://www.sec.gov/Archives/edgar/data/1964738/000162828024010270/form10cover-10x12ba2.htm,False,,,,,
spinoff,0001996810,GEV,GE Vernova LLC  (GEV)  (CIK 0001996810),2024-03-05,2024-03-27,2024-04-25,True,True,,0.196345545209635,0.1672174898654315,1.002562246945585,1.5065896381626502,2.859027263166678,,0.1448051650336042,0.0823967594977592,0.8448608365542625,1.3916219741045357,2.4691361386490103,,0.1507428400346595,0.0228469814430423,0.8773321424812348,1.4971317839315903,2.5702090717558104,,35156842000.44411,large (>$10B),0.7,buy,0,0001193125-24-059354,https://www.sec.gov/Archives/edgar/data/1996810/000119312524059354/d542465d1012ba.htm,False,,,,,
spinoff,0001988175,,American Carbon Corp  (CIK 0001988175),2024-02-14,,,False,False,unresolved ticker,,,,,,,,,,,,,,,,,,,,unknown,0.1,pass,1,0001477932-24-000716,https://www.sec.gov/Archives/edgar/data/1988175/000147793224000716/american_1012ba.htm,False,,,,,
spinoff,0001968487,WS,"Worthington Steel, Inc.  (WS)  (CIK 0001968487)",2023-11-14,2023-11-28,2023-12-27,True,True,,-0.0432859256565647,0.1386749146691468,0.0651710506418259,0.0309935386203059,0.0426478566046739,0.1394891245943696,-0.0742609988497349,0.0375540342321396,-0.084169075666981,-0.2337067888981543,-0.2840030121385357,-0.3269602054635596,-0.0168722772227919,0.1093125446841192,0.0693065301066837,-0.0675615061163898,-0.0546649178645912,-0.0901588400341053,1213303664.5958862,small ($500M-$2B),0.7,buy,0,0001193125-23-276785,https://www.sec.gov/Archives/edgar/data/1968487/000119312523276785/d465762d1012ba.htm,False,,,,,
spinoff,0001971543,,Mural Oncology plc  (MURA)  (CIK 0001971543),2023-10-26,,,False,False,unresolved ticker,,,,,,,,,,,,,,,,,,,,unknown,0.1,pass,1,0001193125-23-264176,https://www.sec.gov/Archives/edgar/data/1971543/000119312523264176/d523094d1012ba.htm,False,,,,,
spinoff,0001963328,,ReElement Technologies LLC  (CIK 0001963328),2023-10-11,,,False,False,unresolved ticker,,,,,,,,,,,,,,,,,,,,unknown,0.1,pass,1,0001477932-23-007553,https://www.sec.gov/Archives/edgar/data/1963328/000147793223007553/mblc_1012ba.htm,False,,,,,
spinoff,0001952976,NLOP,Net Lease Office Properties  (NLOP)  (CIK 0001952976),2023-10-04,2023-10-27,2023-11-27,True,True,,0.2067598114087923,0.6128997740904656,0.4788152436829382,1.0300513470999872,1.0119143054515916,1.1040328946298543,0.1540359495783272,0.4944512371296579,0.3129242369506995,0.6905596110303456,0.6816908627407396,0.5685393518429376,0.0565837612401809,0.4767626830412055,0.3408628918843688,0.6669910294868817,0.8405289766824795,0.6975404282386135,90652163.0758524,nano (<$500M),0.65,buy,0,0001628280-23-033769,https://www.sec.gov/Archives/edgar/data/1952976/000162828023033769/nlo-form10x12ba.htm,False,,,,,
spinoff,0001943705,,Outdoor Products Spinco Inc.  (CIK 0001943705),2023-09-29,,,False,False,unresolved ticker,,,,,,,,,,,,,,,,,,,,unknown,0.1,pass,1,0001193125-23-247558,https://www.sec.gov/Archives/edgar/data/1943705/000119312523247558/d306371d1012ba.htm,False,,,,,
spinoff,0001959023,RENX,Safe & Green Development Corp  (SGD)  (CIK 0001959023),2023-09-12,2023-09-19,2023-10-18,True,True,,1.385826951449746,-0.4165354335675407,-0.4511810978921333,-0.8795275576892629,-0.9534940930912916,-0.9541141702731326,1.339291276594603,-0.5424647075325303,-0.6104112065515594,-1.2567508370971037,-1.2229314724197862,-1.54649707674043,1.359389832154936,-0.5436757258205093,-0.5853528449030367,-1.2128401876407722,-1.0835042771397756,-1.4075655018899174,6304664282.230957,mid ($2B-$10B),0.65,buy,0,0001213900-23-076022,https://www.sec.gov/Archives/edgar/data/1959023/000121390023076022/ea184983-1012ba8_safe.htm,False,,,,,
spinoff,0001959348,,WK Kellogg Co  (KLG)  (CIK 0001959348),2023-09-11,,,False,False,unresolved ticker,,,,,,,,,,,,,,,,,,,,unknown,0.1,pass,1,0001193125-23-232025,https://www.sec.gov/Archives/edgar/data/1959348/000119312523232025/d456637d1012ba.htm,False,,,,,
spinoff,0001967649,VSTS,Vestis Corp  (VSTS)  (CIK 0001967649),2023-09-06,2023-09-27,2023-10-26,True,True,,0.1465399713296851,0.479010011519686,0.2822941027485679,-0.0326738994717973,-0.4015738563672718,-0.6478227753922292,0.0449036066803876,0.2833687459499836,0.0370651508234238,-0.4596145225369247,-0.782340907114136,-1.3382843729817744,0.057652563671793,0.2596785699117245,0.0564948883067824,-0.4048765724200734,-0.6173077236578152,-1.1745336099445498,2505231621.08369,mid ($2B-$10B),0.7,buy,0,0001628280-23-031477,https://www.sec.gov/Archives/edgar/data/1967649/000162828023031477/vestiscorporation-10x12ba.htm,False,,,,,
spinoff,0001967680,VLTO,Veralto Corp  (VLTO)  (CIK 0001967680),2023-08-31,2023-10-04,2023-11-02,True,True,,0.0782582793326551,0.0792832870402433,0.38293976249543,0.4630377654810023,0.3925735617816015,0.4133404220827863,0.0180623948209159,-0.0687968434529513,0.1751304315478743,0.1223486825330821,0.0545729006032174,-0.1829865660771796,-0.0219359211906586,-0.0547824380458883,0.1715369316919892,0.1512474207288703,0.1872325668790879,-0.0347597283172764,18896347414.53437,large (>$10B),0.7,buy,0,0001628280-23-031040,https://www.sec.gov/Archives/edgar/data/1967680/000162828023031040/veraltoform10-12ba.htm,False,,,,,
spinoff,0001974138,NATL,"NCR Atleos, LLC  (NATL)  (CIK 0001974138)",2023-08-03,2023-10-11,2023-11-09,True,True,,-0.0674448561411309,0.0216169484713213,-0.0250756569282483,0.2818850278569391,0.1932555721093669,0.5810635979985126,-0.1323304996838594,-0.1378225592364563,-0.2343857038110793,-0.1169181761587776,-0.1949636161925241,-0.0080212557018288,-0.1867342519864352,-0.1964175688080611,-0.2569127308943565,-0.1813607467432254,-0.0733351186736044,0.1319772327162001,1696288295.0,small ($500M-$2B),0.7,buy,0,0001193125-23-202490,https://www.sec.gov/Archives/edgar/data/1974138/000119312523202490/d396394d1012ba.htm,False,,,,,
spinoff,0001968915,PHIN,PHINIA INC.  (PHIN)  (CIK 0001968915),2023-06-09,2023-06-28,2023-07-27,True,True,,0.0048309120141396,-0.0273177240140407,0.1222045298879226,0.6410290741780558,0.935472244053326,0.9869218588343792,0.0324999201358917,0.0466443774552818,0.0368489747264966,0.4202731843820639,0.5781831610975541,0.5528480942709257,0.0559860096769767,0.1244542048360387,0.1031158382536636,0.4818868393163709,0.7452462618358453,0.8268930923007589,1300802596.3239212,small ($500M-$2B),0.7,buy,0,0001628280-23-021677,https://www.sec.gov/Archives/edgar/data/1968915/000162828023021677/phinia-form10a2.htm,False,,,,,
spinoff,0001965040,FTRE,Fortrea Holdings Inc.  (FTRE)  (CIK 0001965040),2023-06-08,2023-06-16,2023-07-17,True,True,,-0.1790999757131329,-0.110238642663684,-0.0570824905513948,-0.1854425002661416,-0.4620960695369411,-0.8592570292506971,-0.1614664533649382,-0.0707170816259374,-0.1185181606496325,-0.4380601897697057,-0.8013317255067196,-1.291041941401957,-0.1509978037124754,0.0060486004842806,-0.0511865294855449,-0.3493438796428972,-0.6452421962691053,-1.0321286672265817,2814350035.6674194,mid ($2B-$10B),0.7,buy,0,0001628280-23-021444,https://www.sec.gov/Archives/edgar/data/1965040/000162828023021444/fortrea-10x12ba2.htm,False,,,,,
spinoff,0001955520,KNF,Knife River Holding Co  (KNF)  (CIK 0001955520),2023-05-08,2023-06-06,2023-07-05,True,True,,0.0431174266229286,0.1007609604382371,0.4274844678840215,0.6433017846046132,1.3292598370067863,0.8731842256063209,0.0302316989978188,0.1460137694830806,0.3615422524826097,0.3741526933926875,0.9660091339077892,0.4273997821689632,-0.0041428556060065,0.1752401533674544,0.3734051329523971,0.5471993975414331,1.0967684163188829,0.638816417300742,2093649676.310196,mid ($2B-$10B),0.7,buy,0,0001140361-23-023310,https://www.sec.gov/Archives/edgar/data/1955520/000114036123023310/ny20006220x13_1012ba.htm,False,,,,,
spinoff,0001795815,BCAL,Southern California Bancorp \ CA  (BCAL)  (CIK 0001795815),2023-04-24,2023-04-24,2023-05-23,True,True,,0.0296242828930117,0.0296242828930117,0.0715317268724897,0.0231213796320575,0.2716763674251807,0.0621387295317803,-0.020435319165126,-0.0442381563992382,-0.0310268537369484,-0.2654307747535473,-0.1919265530565217,-0.3960698696303062,0.0090512650672285,-0.0204518474432648,0.0663274816859218,-0.1378598308554421,-0.0761828468056389,-0.1255614568854837,494009380.0050602,nano (<$500M),0.65,buy,0,0001493152-23-013388,https://www.sec.gov/Archives/edgar/data/1795815/000149315223013388/form10-12ba.htm,False,,,,,
spinoff,0001964333,BHRB,Burke & Herbert Financial Services Corp.  (BHRB)  (CIK 0001964333),2023-04-21,2023-04-21,2023-05-22,True,True,,-0.0698505215463261,-0.4084457537545506,-0.4254273684676046,-0.3879734271694578,-0.145796672315328,-0.2658835430976776,-0.1160346554606335,-0.4585604812584601,-0.5179933548617504,-0.6714387710274871,-0.5852462892554852,-0.7161171894967651,-0.1011404405875495,-0.4425482976346119,-0.4389505723120221,-0.5627621276638585,-0.467219702215968,-0.4605840909048033,1021500868.6098938,small ($500M-$2B),0.65,buy,0,0001628280-23-012323,https://www.sec.gov/Archives/edgar/data/1964333/000162828023012323/burkeherbert-form10x12ba3.htm,False,,,,,
spinoff,0001952073,MSGE,"MSGE Spinco, Inc.  (MSGE)  (CIK 0001952073)",2023-03-30,2023-04-17,2023-05-16,True,True,,0.2111436142758176,0.0045617265302122,-0.0371456916637057,0.207233580721025,0.1668296106268092,0.2362332344897102,0.1322892111629761,-0.0710583016261112,-0.1388777260833117,-0.100130290442614,-0.309676432655267,-0.248446522115477,0.1201342086416901,-0.0771346656512441,-0.0807615844535764,-0.0162767226635491,-0.206441347715367,-0.0081497667799916,1293003040.0,small ($500M-$2B),0.7,buy,0,0001193125-23-084013,https://www.sec.gov/Archives/edgar/data/1952073/000119312523084013/d357108d1012ba.htm,False,,,,,
spinoff,0001953366,STHO,Star Holdings  (STHO)  (CIK 0001953366),2023-03-20,2023-03-28,2023-04-26,True,True,,-0.0703075872004337,-0.0263653526834826,-0.3119899668435045,-0.2642812277146731,-0.1958568628868996,-0.5768989553045842,-0.0957554517666845,-0.149549656377625,-0.3521011990990704,-0.5394327537034527,-0.6577419260265843,-0.9858675245143276,-0.08652793965977,-0.1609534019588816,-0.2743793994301271,-0.437540409459298,-0.4985912550075305,-0.7426709758932393,241626660.0,nano (<$500M),0.7,buy,0,0001104659-23-034354,https://www.sec.gov/Archives/edgar/data/1953366/000110465923034354/tm2230753-10_1012ba.htm,False,,,,,
spinoff,0001944013,CR,Crane Co  (CR)  (CIK 0001944013),2023-01-24,2023-03-29,2023-04-27,True,True,,0.0425415686644805,0.3049073342833106,0.2983705169364945,1.008249566501279,1.1270271430288257,1.281516000824077,0.0240891286206463,0.1928650724714198,0.2907735842228769,0.7535606940153108,0.6892461480639447,0.8902593556995082,0.0283199334004196,0.1707871010597101,0.3462337296230949,0.8411210405713885,0.8205024984649945,1.123971062193964,4083037503.601151,mid ($2B-$10B),0.7,buy,0,0001193125-23-013338,https://www.sec.gov/Archives/edgar/data/1944013/000119312523013338/d57439d1012ba.htm,False,,,,,
spinoff,0001944558,VTS,"Vitesse Energy, Inc.  (VTS)  (CIK 0001944558)",2022-12-29,2023-01-10,2023-02-08,True,True,,0.1576764848381591,0.1014975422774624,0.4990639649608317,0.3384726824096338,0.6585601786822202,0.8376989050752981,0.2179224744829035,0.092303396353478,0.405006880045101,0.0994186091848454,0.3318609376903545,0.3269541065407551,0.2435004031513424,0.193166410742158,0.5030393085566304,0.2887098506491858,0.5753459675639419,0.6462200611148026,543993655.4767075,small ($500M-$2B),0.7,buy,0,0001193125-22-313955,https://www.sec.gov/Archives/edgar/data/1944558/000119312522313955/d320468d1012ba.htm,False,,,,,
spinoff,0001932393,GEHC,GE Healthcare Holding LLC  (GEHC)  (CIK 0001932393),2022-12-02,2022-12-15,2023-01-13,True,True,,0.109566378529655,0.2640587817320525,0.2607153515302018,0.1134842776495841,0.2398861939681817,0.2988980183459655,0.0740832473961672,0.2213488125123786,0.1123664179373715,-0.089698228011636,-0.1769734938061469,-0.2429949313688506,0.0803763730512148,0.3047447713847927,0.206249760819247,0.0853990400434521,0.0510154383168006,0.0612012578216916,27230609118.328804,large (>$10B),0.7,buy,0,0001193125-22-297104,https://www.sec.gov/Archives/edgar/data/1932393/000119312522297104/d379971d1012ba.htm,False,,,,,
spinoff,0001941365,MBC,"MasterBrand, Inc.  (MBC)  (CIK 0001941365)",2022-11-22,2022-12-09,2023-01-09,True,True,,0.2522875561148505,0.0052287531182189,0.5359476932706684,0.943790810481666,0.9947712468817812,1.036601271827532,0.1935291757437554,-0.0551635144023008,0.3773200435697696,0.6964256145842846,0.5197359788198879,0.4953301704955042,0.1688607069280816,0.0057143573876816,0.4503210799437311,0.8307552180623037,0.7722024449126657,0.7824929097969675,1275373680.0,small ($500M-$2B),0.7,buy,0,0001193125-22-290185,https://www.sec.gov/Archives/edgar/data/1941365/000119312522290185/d307794d1012ba.htm,False,,,,,
spinoff,0001934850,FGN,"F&G Annuities & Life, Inc.  (FG, FGN)  (CIK 0001934850)",2022-11-10,2023-12-12,2024-01-10,True,True,,0.0053598031471262,0.0175825547178891,0.0500725360935152,0.0521518273904368,,,-0.0463441309328251,-0.0727513468380256,-0.1324482468442522,-0.1834695498945084,,,-0.0164774543078738,-0.0220096753761021,-0.0483369040859,-0.0745941370441398,,,,unknown,0.7,buy,0,0001628280-22-029379,https://www.sec.gov/Archives/edgar/data/1934850/000162828022029379/fidelity-form10x12ba3.htm,False,,,,,
spinoff,0001929561,RXO,"RXO, Inc.  (RXO)  (CIK 0001929561)",2022-10-13,2022-10-27,2022-11-25,True,True,,-0.1443569611619748,0.0797900534718452,0.0971128848063505,0.083464578281696,0.0362205019260717,0.5690289021901569,-0.0966880257118167,0.0903544906006189,0.043946439061774,-0.0650740769370836,-0.2926520227953169,0.0367493709371264,-0.0820615645123422,0.0611013829220021,0.1435602029047942,0.1088797095058073,-0.0876840949455566,0.2336335139353891,3458935662.0,mid ($2B-$10B),0.7,buy,0,0001628280-22-026335,https://www.sec.gov/Archives/edgar/data/1929561/000162828022026335/rxoform10a.htm,False,,,,,
spinoff,0001903382,BHM,"Bluerock Homes Trust, Inc.  (BHM)  (CIK 0001903382)",2022-09-23,2022-09-28,2022-10-27,True,True,,-0.0103171645822518,-0.1899121845521547,-0.2793275009637315,-0.4860528212302344,-0.3048201587068297,-0.4063541619758467,-0.0522405944388223,-0.2489929600585561,-0.3820462710286707,-0.5969857129220439,-0.6519243227206146,-0.9777720687744594,-0.0256723369171382,-0.2385609819195291,-0.2663095059714471,-0.4112675091642147,-0.4252767243284994,-0.6780955251532966,74587339.90424919,nano (<$500M),0.65,buy,0,0001104659-22-102733,https://www.sec.gov/Archives/edgar/data/1903382/000110465922102733/tm221667d22_1012ba.htm,False,,,,,
spinoff,0001935979,BHVN,Biohaven Ltd.  (BHVN)  (CIK 0001935979),2022-09-20,2022-09-23,2022-10-24,True,True,,0.0542955293125069,0.3154638583328948,-0.0975945056824241,0.900343591482371,1.678350564250742,2.6316150831554834,-0.0012114955324689,0.2539164130379883,-0.1738664096029281,0.7809010952535715,1.3059408035876623,2.058229262937189,-0.0106836473640468,0.229700248517974,-0.0939971981788747,0.9414161696229288,1.5093119565642152,2.33356702723876,1073382518.7057304,small ($500M-$2B),0.65,buy,0,0001628280-22-025178,https://www.sec.gov/Archives/edgar/data/1935979/000162828022025178/a2022biohavenresearchltd-f.htm,False,,,,,
spinoff,0001788999,XPER,Xperi Inc.  (XPER)  (CIK 0001788999),2022-09-14,2022-09-20,2022-10-19,True,True,,-0.1525157620543643,-0.241352247173784,-0.212264131492492,-0.331761020317536,-0.2484276557448717,-0.2531446697666579,-0.222366561689174,-0.3205867361330264,-0.340278513463478,-0.4927392060994147,-0.6522125996298438,-0.882764483075275,-0.2186917655890911,-0.3271167761839321,-0.2579825503505271,-0.3193173890191852,-0.4339467879933107,-0.5823371423038843,1080305423.0,small ($500M-$2B),0.7,buy,0,0001193125-22-244725,https://www.sec.gov/Archives/edgar/data/1788999/000119312522244725/d235980d1012ba.htm,False,,,,,
spinoff,0001902314,MPTI-RI,"M-tron Industries, Inc.  (MPTI)  (CIK 0001902314)",2022-08-19,,,True,False,no price data,,,,,,,,,,,,,,,,,,,,unknown,0.65,buy,0,0001564590-22-029832,https://www.sec.gov/Archives/edgar/data/1902314/000156459022029832/mpti-1012ba.htm,False,,,,,
spinoff,0001899883,FIP,FTAI Infrastructure LLC  (FIP)  (CIK 0001899883),2022-07-12,2022-07-20,2022-08-18,True,True,,-0.0522646995152454,-0.0162554885406305,0.117731217476372,0.2190076371438671,0.5596204172341317,2.3862805437799888,0.0359446219680802,0.0557619227965058,0.1576461570217161,0.1754816957839791,0.3696701796713826,2.0360633485911457,0.0402347815671457,0.0527015708660887,0.1373133469853148,0.2769535710859778,0.5398121879099365,2.2702819915923484,322396456.48186684,nano (<$500M),0.1,pass,1,0001140361-22-025777,https://www.sec.gov/Archives/edgar/data/1899883/000114036122025777/ny20001700x13_1012ba.htm,False,,,,,
spinoff,0001374339,PMN,ProMIS Neurosciences Inc.  (PMN)  (CIK 0001374339),2022-07-01,2022-07-01,2022-08-01,True,True,,-0.1105769230769231,-0.0544871794871795,-0.1682692307692307,-0.5817307692307692,-0.6666666666666667,-0.7868589743589743,-0.080000162812476,-0.0054281213436723,-0.1664530914255643,-0.695445388636537,-0.8862426975673021,-1.123806137305729,-0.0969001793128587,-0.0380722097650549,-0.2012776254436951,-0.6411322129198807,-0.736749477942811,-0.9368540205993448,1569346275.0,small ($500M-$2B),0.65,buy,0,0001104659-22-076904,https://www.sec.gov/Archives/edgar/data/1374339/000110465922076904/tm229830d8_1012ba.htm,False,,,,,
spinoff,0001803737,EHAB,"Enhabit, Inc.  (EHAB)  (CIK 0001803737)",2022-06-15,2022-06-23,2022-07-22,True,True,,-0.1750535548362722,-0.312098491887642,-0.1911135219579933,-0.2457173489079714,-0.423982866536651,-0.4491434799922399,-0.2212709805135356,-0.2407756322305527,-0.213976860875297,-0.417291588823847,-0.6820851028529505,-0.8535222219140614,-0.2370558417293887,-0.2585881216684692,-0.2449144415368951,-0.3493084639906977,-0.5336216763593268,-0.7151419545634564,1268081125.0,small ($500M-$2B),0.7,buy,0,0001140361-22-022944,https://www.sec.gov/Archives/edgar/data/1803737/000114036122022944/ny20003604x9_1012ba.htm,False,,,,,
spinoff,0001892492,ORBS,"Cryptyde, Inc.  (OCTO)  (CIK 0001892492)",2022-05-13,2022-05-18,2022-06-16,True,True,,-0.8480519480519481,-0.903896103896104,-0.966103896103896,-0.9954285713294884,-0.998597402572632,-0.9986649350996142,-0.9225495884123102,-0.9643521885980764,-1.0377542065957583,-1.2124978261569357,-1.3224994486550266,-1.537797535210249,-0.9382897634130326,-0.9959643288769852,-1.04849247455128,-1.1434190031680735,-1.2266125371664642,-1.255299962159204,751957968615.0,large (>$10B),0.1,pass,2,0001493152-22-013252,https://www.sec.gov/Archives/edgar/data/1892492/000149315222013252/form10-12ba.htm,False,,,,,
spinoff,0001710482,JMSB,"John Marshall Bancorp, Inc.  (JMSB)  (CIK 0001710482)",2022-04-18,2022-04-18,2022-05-17,True,True,,0.0715329162772946,0.0145985156822969,0.0273722715487412,-0.3145985011104477,-0.3115167007235069,-0.3753470832330912,0.173585355973713,-0.0348062658271295,0.0432045360470451,-0.3587130132481724,-0.4409736519660685,-0.7146066556153576,0.1717740907598043,-0.0702174876951489,-0.0075434300108372,-0.300482459835286,-0.297427584688831,-0.5516014672737797,294942646.1765671,nano (<$500M),0.65,buy,0,0001104659-22-046861,https://www.sec.gov/Archives/edgar/data/1710482/000110465922046861/tm2211425d3_1012ba.htm,False,,,,,
spinoff,0001877322,ESAB,ESAB Corp  (ESAB)  (CIK 0001877322),2022-03-17,2022-03-29,2022-04-27,True,True,,0.0512330281136019,-0.1222804043537052,-0.2198703086869723,0.2463067387157511,0.3497179724281563,1.267960284451378,0.0798956242414374,-0.0996427724798404,-0.1431243953276184,0.2326301919754025,0.3415749110222745,1.026852273476381,0.0739117913355239,-0.1193917923444545,-0.1850525843596673,0.2940198528251659,0.4614460982084919,1.1885326946609305,3001445982.454857,mid ($2B-$10B),0.7,buy,0,0001193125-22-077739,https://www.sec.gov/Archives/edgar/data/1877322/000119312522077739/d182383d1012ba.htm,False,,,,,
spinoff,0001888654,FEAV,"5E Advanced Materials, Inc.  (FEAM, FEAV)  (CIK 0001888654)",2022-03-07,,,True,False,no price data,,,,,,,,,,,,,,,,,,,,unknown,0.65,buy,0,0001193125-22-066407,https://www.sec.gov/Archives/edgar/data/1888654/000119312522066407/d222316d1012ba.htm,False,,,,,
spinoff,0001872789,EMBC,Embecta Corp.  (EMBC)  (CIK 0001872789),2022-02-03,2022-03-22,2022-04-20,True,True,,-0.1268872037248087,-0.1317057131600434,-0.0773055809063031,-0.0391901769746435,-0.4874001675580476,-0.6334471809158304,-0.0026488878367082,-0.0323209345501819,0.087066620964054,0.0182096487603714,-0.4575458126195063,-0.8064889026219737,0.0006270309694497,-0.0356782583851718,0.0698837709085559,0.0690100204198946,-0.3295987544698652,-0.6444705205245076,2420060547.966912,mid ($2B-$10B),0.7,buy,0,0001193125-22-025989,https://www.sec.gov/Archives/edgar/data/1872789/000119312522025989/d192319d1012ba.htm,False,,,,,
spinoff,0001876588,,ZimVie Inc.  (ZIMV)  (CIK 0001876588),2022-02-02,,,False,False,unresolved ticker,,,,,,,,,,,,,,,,,,,,unknown,0.1,pass,1,0001193125-22-024954,https://www.sec.gov/Archives/edgar/data/1876588/000119312522024954/d176619d1012ba.htm,False,,,,,
spinoff,0001868275,CEG,Constellation Energy Corp  (CEG)  (CIK 0001868275),2021-12-20,2022-01-19,2022-02-17,True,True,,0.0903420215116044,0.2709063860094758,0.7984303097205219,0.7907098236268264,1.3908587239495307,2.008239412877392,0.0704121405612148,0.3770476428970669,0.8253817180155791,0.8627718545448773,1.3644141932161555,1.81029898786707,0.0692682263341357,0.3917958775149325,0.8265287566445617,0.8456770392776487,1.4579809064238514,1.9876674928691391,14692878500.10199,large (>$10B),0.7,buy,0,0001104659-21-151777,https://www.sec.gov/Archives/edgar/data/1868275/000110465921151777/tm2135944d1_10-12ba.htm,False,,,,,
spinoff,0001870997,,Loyalty Ventures Inc.  (CIK 0001870997),2021-10-14,,,False,False,unresolved ticker,,,,,,,,,,,,,,,,,,,,unknown,0.1,pass,1,0001104659-21-125953,https://www.sec.gov/Archives/edgar/data/1870997/000110465921125953/tm2122068-12_1012ba.htm,False,,,,,
spinoff,0001867072,KD,"Kyndryl Holdings, Inc.  (KD)  (CIK 0001867072)",2021-10-12,2021-10-22,2021-11-22,True,True,,0.0070269816630594,-0.203783808527766,-0.3335135176375106,-0.4291891665072054,-0.3362162306502059,-0.0227027068266997,0.0032561541070097,-0.1093861293190301,-0.1815188255407512,-0.2974040549369511,-0.2440402916544333,-0.0267566068177708,0.0535503496717333,-0.0390929244167072,-0.0949576903207618,-0.2365393201639516,-0.1038314857555324,0.1810320177579056,9186973074.0,mid ($2B-$10B),0.7,buy,0,0001104659-21-125040,https://www.sec.gov/Archives/edgar/data/1867072/000110465921125040/tm2119587-12_1012ba.htm,False,,,,,
spinoff,0001860782,,"2seventy bio, Inc.  (TSVT)  (CIK 0001860782)",2021-10-08,,,False,False,unresolved ticker,,,,,,,,,,,,,,,,,,,,unknown,0.1,pass,1,0001628280-21-019906,https://www.sec.gov/Archives/edgar/data/1860782/000162828021019906/a2seventybioinc-form10a.htm,False,,,,,
spinoff,0001866633,CCSI,"Consensus Cloud Solutions, Inc.  (CCSI)  (CIK 0001866633)",2021-09-21,2021-09-30,2021-10-29,True,True,,-0.0108953485150208,-0.1046897343505859,-0.1468498781441284,-0.1135323264412182,-0.4193905037954218,-0.6715616826832145,-0.0028603674424605,-0.0877939786621924,-0.0553491683872313,0.0327843353396328,-0.3288823438708389,-0.6205218169025876,0.0324286076237601,0.0101916758079887,0.0295319147770752,0.0722185636084902,-0.1911522891059914,-0.4180964043068844,672300174.2041969,small ($500M-$2B),0.7,buy,0,0001193125-21-277989,https://www.sec.gov/Archives/edgar/data/1866633/000119312521277989/d115316d1012ba.htm,False,,,,,
spinoff,0001856485,SLVM,Sylvamo Corp  (SLVM)  (CIK 0001856485),2021-08-23,2021-09-23,2021-10-22,True,True,,0.1664257073513015,0.039074018176695,0.503617941766531,0.6854545436293886,0.6463296386753099,0.5806280910918102,0.1345359895773421,0.0649718624362729,0.5516598252719059,0.8366662408509181,0.7328026360184723,0.6304583946596731,0.1474290958239605,0.1501851687446247,0.6469227075741358,0.9129633166556974,0.8766173001888372,0.8398650704008913,887748504.8814316,small ($500M-$2B),0.7,buy,0,0001193125-21-253977,https://www.sec.gov/Archives/edgar/data/1856485/000119312521253977/d153314d1012ba.htm,False,,,,,
spinoff,0001822993,JXN-PA,"Jackson Financial Inc.  (JXN, JXN-PA)  (CIK 0001822993)",2021-08-05,2023-03-07,2023-04-05,True,True,,0.0082612203149325,0.0548519697228544,0.064109104156999,,,,-0.0040792160433451,-0.0250766869957232,0.0150909417926805,,,,0.0035385900254496,-0.0119079758217599,0.0698628601240434,,,,,unknown,0.7,buy,0,0001193125-21-237414,https://www.sec.gov/Archives/edgar/data/1822993/000119312521237414/d43291d1012ba.htm,False,,,,,
spinoff,0001852244,GXO,"GXO Logistics, Inc.  (GXO)  (CIK 0001852244)",2021-07-20,2021-07-22,2021-08-20,True,True,,0.0821543666572994,0.3441920258621116,0.053990861362074,-0.4153147637541491,-0.3608046976076478,-0.1940299024724782,0.1009669790748195,0.2813198993541945,0.0679938440303649,-0.3608828304277012,-0.2804424874948126,-0.2240428001401585,0.0728747126443056,0.2511544987106691,0.1228381323419073,-0.3093470727022167,-0.2508214832632223,-0.0795570833805934,6251890055.5,mid ($2B-$10B),0.7,buy,0,0001628280-21-014065,https://www.sec.gov/Archives/edgar/data/1852244/000162828021014065/gxologisticsform10a4.htm,False,,,,,
spinoff,0001856437,VSCO,Victoria's Secret & Co.  (VSCO)  (CIK 0001856437),2021-07-09,2021-07-21,2021-08-19,True,True,,-0.1275487997136687,-0.2695589702535265,-0.1570498969011198,-0.4237165929894085,-0.4277657437214166,-0.7282718654967011,-0.1174782747189442,-0.3372616324332486,-0.1573694621265591,-0.3970761371869229,-0.3560002495096491,-0.7550444122079409,-0.152320195067661,-0.3857925563138217,-0.1121437121355184,-0.3519737553489647,-0.3303607112470594,-0.6192576993848413,3419848010.0,mid ($2B-$10B),0.7,buy,0,0001140361-21-023930,https://www.sec.gov/Archives/edgar/data/1856437/000114036121023930/nt10022999x9_1012ba.htm,False,,,,,
spinoff,0001834488,NABL,"N-able, Inc.  (NABL)  (CIK 0001834488)",2021-06-15,2021-07-19,2021-08-17,True,True,,0.0606725076893475,-0.0387427393875849,-0.1381579167514841,-0.2448830633579931,-0.2624269058846166,-0.0402046914082869,0.0536233927948404,-0.0947904969594664,-0.1495565370146254,-0.2193810058106237,-0.2030971794629447,-0.0534815305085667,0.0339165048724454,-0.1444392253045345,-0.0961621355167021,-0.1678338154090022,-0.1708032517230495,0.083280244925819,3014052640.0,mid ($2B-$10B),0.7,buy,0,0001628280-21-012241,https://www.sec.gov/Archives/edgar/data/1834488/000162828021012241/n-ablexform10x12ba4registr.htm,False,,,,,
spinoff,0001842022,DTM,"DT Midstream, Inc.  (DTM)  (CIK 0001842022)",2021-05-26,2021-07-01,2021-07-30,True,True,,0.1014155773149758,0.1526491818126591,0.2198391791065383,0.3742556234847103,0.3867506116385286,0.3477314423623883,0.070127806409808,0.1041252151265883,0.2052134973642132,0.4241968091210826,0.4384172364664638,0.2896370515103057,0.0813751624428951,0.1175847035068327,0.3311879193792409,0.5184096224251262,0.5026545079954078,0.4410469532643121,3491640062.272568,mid ($2B-$10B),0.7,buy,0,0001193125-21-173224,https://www.sec.gov/Archives/edgar/data/1842022/000119312521173224/d33289d1012ba.htm,False,,,,,
spinoff,0001603923,WFRD,Weatherford International plc  (WFRD)  (CIK 0001603923),2021-05-26,2021-05-26,2021-06-24,True,True,,-0.0875525555407336,-0.0796411495865866,0.4377639125618588,0.1787976301272247,1.5590717932956912,2.4688818273197715,-0.1250023540375443,-0.1255119986182046,0.3301737049970636,0.2481317659542335,1.642817795160294,2.4112595687847787,-0.0370974345890737,-0.0491093113098433,0.4820586771601673,0.4156544595473206,1.79499974884332,2.656631716292936,790218201.7464371,small ($500M-$2B),0.7,buy,0,0001104659-21-072477,https://www.sec.gov/Archives/edgar/data/1603923/000110465921072477/tm2110708d3_1012ba.htm,False,,,,,
spinoff,0001821825,OGN,Organon & Co.  (OGN)  (CIK 0001821825),2021-04-29,2021-05-14,2021-06-14,True,True,,-0.0310435317589307,0.1264889482816686,-0.0344450340505227,0.167428524154247,-0.0388710926635408,-0.2758235114530208,-0.0602191477300065,0.0729192073262863,-0.1485706975745025,0.2740107250615401,0.0026244058305787,-0.3350283752645463,0.0215492315732135,0.1617239973893272,0.0107622437522153,0.422805037707195,0.1663907081425093,-0.1024710472905424,7064762018.883896,mid ($2B-$10B),0.7,buy,0,0001193125-21-140380,https://www.sec.gov/Archives/edgar/data/1821825/000119312521140380/d56612d1012ba.htm,False,,,,,
spinoff,0001811074,TPL,Texas Pacific Land Corp  (TPL)  (CIK 0001811074),2020-12-28,2020-12-28,2021-01-26,True,True,,0.3348904831178478,0.9308639188248122,0.7397456235992541,0.2646488144777539,1.2504090656065574,1.5814961733648216,0.3386948105648758,0.8394144264200996,0.5883640725075012,0.1175078085359853,1.1836562259420598,1.49548825550529,0.3099962545923262,0.8578232649933311,0.7160383187489392,0.3236010081641887,1.3783883202383032,1.6761946977995985,4993002315.86705,mid ($2B-$10B),0.7,buy,0,,,False,,,,,
spinoff,0001820877,,Apartment Income REIT Corp.  (CIK 0001820877),2020-11-24,,,False,False,unresolved ticker,,,,,,,,,,,,,,,,,,,,unknown,0.1,pass,1,0001193125-20-302038,https://www.sec.gov/Archives/edgar/data/1820877/000119312520302038/d98902d1012ba.htm,False,,,,,
spinoff,0001821393,,"Aaron's Company, Inc.  (AAN)  (CIK 0001821393)",2020-11-18,,,False,False,unresolved ticker,,,,,,,,,,,,,,,,,,,,unknown,0.1,pass,1,0001193125-20-296352,https://www.sec.gov/Archives/edgar/data/1821393/000119312520296352/d33273d1012ba.htm,False,,,,,
spinoff,0001803599,CNXC,Concentrix Corp  (CNXC)  (CIK 0001803599),2020-11-04,2020-11-24,2020-12-23,True,True,,0.2094159966393318,0.4963822971469063,0.6243756859084386,0.8077108402190611,0.5107097800242653,0.3316516566110119,0.1652881326683548,0.4155625349244338,0.4561426358916094,0.5103446295426708,0.4314614549604489,0.2589065128601859,0.1383100101741872,0.3864852239524434,0.4540109918531767,0.6821433371931946,0.6157433461651206,0.4348475006196329,4521657857.189667,mid ($2B-$10B),0.7,buy,0,0001193125-20-285651,https://www.sec.gov/Archives/edgar/data/1803599/000119312520285651/d880425d1012ba.htm,False,,,,,
spinoff,0001786842,VNT,Vontier Corp  (VNT)  (CIK 0001786842),2020-09-21,2020-09-24,2020-10-23,True,True,,0.0498514302664068,0.1251236694833526,0.0462199318321459,0.1306677221160865,-0.1507510767714688,-0.365729539422629,0.0160727498213268,0.0104667265898916,-0.1703718226943109,-0.2053468593545195,-0.3791603804946319,-0.5116862023155226,-0.0589974203220402,-0.1869854560447419,-0.3617265021227736,-0.2905994288645386,-0.3188711086128801,-0.4829758073010504,4714744950.891998,mid ($2B-$10B),0.7,buy,0,0001193125-20-249546,https://www.sec.gov/Archives/edgar/data/1786842/000119312520249546/d49928d1012ba.htm,False,,,,,
spinoff,0001320350,LNSR,"LENSAR, Inc.  (LNSR)  (CIK 0001320350)",2020-09-14,2020-10-02,2020-11-02,True,True,,-0.1226215478577662,-0.209302326753619,-0.247357309001264,-0.2293868993174977,-0.237843550837948,-0.4894291855994372,-0.233433233346738,-0.3706521807508097,-0.5159513310616065,-0.6479410806768354,-0.5642794711182607,-0.6581242451132292,-0.2963479741075857,-0.5885772043720817,-0.6817917796788778,-0.7484007730620276,-0.4979508321993288,-0.6541968019482294,108860679.0,nano (<$500M),0.1,pass,1,0001193125-20-245277,https://www.sec.gov/Archives/edgar/data/1320350/000119312520245277/d945311d1012ba.htm,False,,,,,
spinoff,0001809766,,Nielsen SpinCo B.V.  (CIK 0001809766),2020-09-04,,,False,False,unresolved ticker,,,,,,,,,,,,,,,,,,,,unknown,0.1,pass,1,0001193125-20-240095,https://www.sec.gov/Archives/edgar/data/1809766/000119312520240095/d848861d1012ba.htm,False,,,,,
spinoff,0001808997,AOUT,"American Outdoor Brands, Inc.  (AOUT)  (CIK 0001808997)",2020-07-13,2020-08-21,2020-09-21,True,True,,0.1953065795802953,0.3512490787224576,0.9242997731179208,0.9015897628079867,0.0855412650399529,-0.366389109660201,0.145118341341397,0.2173413161139792,0.724062435161337,0.5567003169667424,-0.3180934531977453,-0.554563614074242,0.1043604600732466,0.02150020957091,0.4466951590548456,0.4158405169928092,-0.3403796548514166,-0.5768590971265084,195234280.0,nano (<$500M),0.7,buy,0,0000950123-20-006941,https://www.sec.gov/Archives/edgar/data/1808997/000095012320006941/aout-s1.htm,False,,,,,
spinoff,0001795250,SPHR,"MSG ENTERTAINMENT SPINCO, INC.  (SPHR)  (CIK 0001795250)",2020-04-01,2020-04-09,2020-05-08,True,True,,0.0102757100256065,-0.1389724372769575,-0.1154135857372051,0.1434836362567553,-0.0046366336803762,-0.2195488635429838,-0.0866676950213301,-0.2880707980164417,-0.3231469075366036,-0.3085831574875379,-0.6430284716503856,-0.621132668081837,-0.1249616868215928,-0.3228507747467944,-0.3703119847070963,-0.5364097297343289,-0.8623152222252854,-0.5699292450691444,1170677258.3475037,small ($500M-$2B),0.7,buy,0,0001193125-20-093570,https://www.sec.gov/Archives/edgar/data/1795250/000119312520093570/d834095d1012ba.htm,False,,,,,
spinoff,0001783180,CARR,Carrier Global Corp  (CARR)  (CIK 0001783180),2020-03-11,2020-03-19,2020-04-17,True,True,,0.2772924961200234,0.9343120226210252,1.3813657847835268,2.222372983023873,2.9455456787966314,2.064783562679392,0.248127162348736,0.8069895706556407,1.158834760654279,1.7506015644857675,2.354845400851751,1.4919068273770095,0.1902860592468582,0.7292841573109816,1.0383969654061704,1.3835558391979703,2.06981285208899,1.4102307935053402,9270985364.244177,mid ($2B-$10B),0.7,buy,0,0001140361-20-005496,https://www.sec.gov/Archives/edgar/data/1783180/000114036120005496/nt10003663x13_1012ba.htm,False,,,,,
spinoff,0001781335,OTIS,Otis Worldwide Corp  (OTIS)  (CIK 0001781335),2020-03-11,2020-03-19,2020-04-17,True,True,,0.1295775536817458,0.273478287052417,0.4226395484868634,0.5592887680700107,0.8568703791345347,0.6350263388088229,0.1004122199104584,0.1461558350870324,0.2001085243576157,0.0875173495319048,0.2661701011896544,0.062149603506441,0.0425711168085807,0.0684504217423733,0.0796707291095071,-0.2795283757558924,-0.0188624475731069,-0.0195264303652282,16079558504.321709,large (>$10B),0.7,buy,0,0001140361-20-005505,https://www.sec.gov/Archives/edgar/data/1781335/000114036120005505/nt10003666x13_1012ba.htm,False,,,,,
spinoff,0001790982,,Arconic Rolled Products Corp  (CIK 0001790982),2020-02-13,,,False,False,unresolved ticker,,,,,,,,,,,,,,,,,,,,unknown,0.1,pass,1,0001104659-20-019584,https://www.sec.gov/Archives/edgar/data/1790982/000110465920019584/tv537944_form10-12ba.htm,False,,,,,
spinoff,0001784254,MDIA,Mediaco Holding Inc.  (MDIA)  (CIK 0001784254),2019-11-22,2020-01-06,2020-02-04,True,True,,-0.078003121981643,-0.4914196461674789,-0.1709827993451337,-0.4461778413692918,-0.0483619267018697,-0.1404055600552982,0.0028333667846367,-0.3662536206003534,-0.1843597309653321,-0.6282752111021408,-0.4162286118248424,-0.5751018996989563,0.0279023233336679,-0.2630386822178332,-0.0927821111813191,-0.7650116330382433,-0.3955017283374695,-0.3915232158957453,146531774.00475955,nano (<$500M),0.1,pass,2,0001047469-19-006473,https://www.sec.gov/Archives/edgar/data/1784254/000104746919006473/a2240161z10-12ba.htm,False,,,,,
spinoff,0001780097,,"Baudax Bio, Inc.  (BXRXQ)  (CIK 0001780097)",2019-11-08,,,False,False,unresolved ticker,,,,,,,,,,,,,,,,,,,,unknown,0.1,pass,1,0001193125-19-288447,https://www.sec.gov/Archives/edgar/data/1780097/000119312519288447/d699555d1012ba.htm,False,,,,,
spinoff,0001707656,,FISHER LORNA  (CIK 0001707656),2019-10-24,,,False,False,unresolved ticker,,,,,,,,,,,,,,,,,,,,unknown,0.1,pass,1,0001707656-19-000011,https://www.sec.gov/Archives/edgar/data/1707656/000170765619000011/finalamended10lorna.htm,False,,,,,
spinoff,0001784884,,JONES MICHAEL LAVERNE  (CIK 0001784884),2019-09-20,,,False,False,unresolved ticker,,,,,,,,,,,,,,,,,,,,unknown,0.1,pass,1,0001784884-19-000013,https://www.sec.gov/Archives/edgar/data/1784884/000178488419000013/jones_form1012b-h01868513.htm,False,,,,,
spinoff,0001768267,CRNC,Cerence Inc.  (CRNC)  (CIK 0001768267),2019-09-04,2019-09-16,2019-10-15,True,True,,-0.0495297787648955,0.3492163457746875,0.2062695925514626,2.470219381568208,5.2376174955172825,4.803761805755732,-0.0837241149907691,0.245751831997002,0.2623407722637535,2.2835951744568384,4.803794489525384,4.273345332490229,-0.0941829649054574,0.2396054593390115,0.4281954860917402,2.390387596673684,4.724184661327754,4.27520764683126,1147961091.0,small ($500M-$2B),0.7,buy,0,0001193125-19-237809,https://www.sec.gov/Archives/edgar/data/1768267/000119312519237809/d746279d1012ba.htm,False,,,,,
spinoff,0001766400,PNTG,"Pennant Group, Inc.  (PNTG)  (CIK 0001766400)",2019-09-03,2019-10-01,2019-10-30,True,True,,0.2544188527364426,0.4140331821450511,0.0096411518179013,1.1237279787815382,1.1687199524909802,0.3695768393322869,0.2209807392254048,0.3509970314941868,0.0697729985224675,1.017786094210242,0.7565201987863706,-0.1913009441107089,0.2196203760959627,0.3833997050705957,0.2031116213792898,1.1166426422812428,0.6943694866554293,-0.1249621623549248,523723112.3558121,small ($500M-$2B),0.7,buy,0,0001193125-19-235824,https://www.sec.gov/Archives/edgar/data/1766400/000119312519235824/d693607d1012ba.htm,False,,,,,
spinoff,0001729149,VMD,"VIEMED HEALTHCARE, INC.  (VMD)  (CIK 0001729149)",2019-08-01,2019-08-09,2019-09-09,True,True,,0.1390624770661819,-0.0031249969732016,-0.4296874935971574,0.5031249597202994,0.5546874470310295,-0.0078125296859066,0.1670219029543934,-0.0639034083367748,-0.4061342764226435,0.3634142043608668,0.2111319370994797,-0.5730756099891565,0.1715500402885179,-0.0787114193240943,-0.3209875426774753,0.5023052418938687,0.026692645828179,-0.5187138257779547,270990468.88371325,nano (<$500M),0.65,buy,0,0001140361-19-014025,https://www.sec.gov/Archives/edgar/data/1729149/000114036119014025/form1012ba.htm,False,,,,,
spinoff,0001766927,,Mallinckrodt Inc.  (CIK 0001766927),2019-06-27,,,False,False,unresolved ticker,,,,,,,,,,,,,,,,,,,,unknown,0.1,pass,1,0001047469-19-003923,https://www.sec.gov/Archives/edgar/data/1766927/000104746919003923/a2239156z10-12ba.htm,False,,,,,
spinoff,0001771077,,"Telemynd, Inc.  (CIK 0001771077)",2019-06-14,,,False,False,unresolved ticker,,,,,,,,,,,,,,,,,,,,unknown,0.1,pass,1,0001213900-19-010775,https://www.sec.gov/Archives/edgar/data/1771077/000121390019010775/f1012b2019a1_telemyndinc.htm,False,,,,,
spinoff,0001745041,,IAA Spinco Inc.  (CIK 0001745041),2019-06-13,,,False,False,unresolved ticker,,,,,,,,,,,,,,,,,,,,unknown,0.1,pass,1,0001140361-19-010932,https://www.sec.gov/Archives/edgar/data/1745041/000114036119010932/s002330x9_1012ba.htm,False,,,,,
spinoff,0001767258,XPEL,"XPEL, Inc.  (XPEL)  (CIK 0001767258)",2019-05-30,2019-07-01,2019-07-30,True,True,,0.5604395225999108,0.690737935832539,1.552590348666031,1.6153846384174455,6.5086346452668336,13.43956122596707,0.5997786658013203,0.6775009343809688,1.4560833547167065,1.512663852443999,6.217205366598996,12.922732518868996,0.6320309415692634,0.6967597855524609,1.5065328770328463,1.6554437207165846,6.157779735129054,12.994515707032278,149311023.63566637,nano (<$500M),0.65,buy,0,0001628280-19-007350,https://www.sec.gov/Archives/edgar/data/1767258/000162828019007350/xpel10-12ba2.htm,False,,,,,
spinoff,0000104918,AVA,AVISTA CORP  (AVA)  (CIK 0000104918),2019-05-07,2019-05-07,2019-06-05,True,True,,0.0496824258806414,0.1430706125389198,0.1212151807196419,-0.025893435011482,-0.0670231622502013,0.138140155420994,-0.0102258418740734,0.0988589507390187,0.0168469443564627,-0.1487449645407167,-0.4009094990303778,-0.4103137934833551,0.0027930662847102,0.1552475776264791,0.0505306444445461,-0.0027155944029066,-0.31149690044756,-0.416948712014739,2621302878.812256,mid ($2B-$10B),0.7,buy,0,0001193125-19-139846,https://www.sec.gov/Archives/edgar/data/104918/000119312519139846/d730485d1012ba.htm,False,,,,,
spinoff,0001755672,CTVA,"Corteva, Inc.  (CTVA)  (CIK 0001755672)",2019-05-06,2019-05-24,2019-06-24,True,True,,0.0110673834055596,0.0357387842813885,0.0157363337355485,-0.0013319926329259,0.4527514056314612,0.6096463043030234,-0.0154956841899409,0.0154859435197249,-0.086958182031867,-0.0852416375141819,0.1644014102009279,0.1198755950896466,-0.0229934009426349,0.0144998468080508,-0.08345077193853,0.0447298718037416,0.141281274412504,0.0684866024345205,17864152830.99766,large (>$10B),0.7,buy,0,0001193125-19-138437,https://www.sec.gov/Archives/edgar/data/1755672/000119312519138437/d615112d1012ba.htm,False,,,,,
spinoff,0001760965,KTB,"Kontoor Brands, Inc.  (KTB)  (CIK 0001760965)",2019-04-30,2019-05-28,2019-06-26,True,True,,0.1218596439172912,0.2942401814134392,0.6040193725089564,-0.3222997127826346,0.6670626490495062,1.2425017418806208,0.0821311540616072,0.2648928935088324,0.4875526952108544,-0.4015348947554344,0.3656791000582042,0.7221824692007865,0.0794191632173482,0.2687648815045262,0.4907600422541418,-0.2671799430196546,0.318041174003302,0.6636546359641917,1579001468.198233,small ($500M-$2B),0.7,buy,0,0001193125-19-127045,https://www.sec.gov/Archives/edgar/data/1760965/000119312519127045/d618285d1012ba.htm,False,,,,,
spinoff,0001757158,,Life Fitness Holdings Inc.  (CIK 0001757158),2019-04-11,,,False,False,unresolved ticker,,,,,,,,,,,,,,,,,,,,unknown,0.1,pass,1,0001140361-19-006940,https://www.sec.gov/Archives/edgar/data/1757158/000114036119006940/s002502x4_1012ba.htm,False,,,,,
spinoff,0001693577,MNSBP,"MainStreet Bancshares, Inc.  (MNSB, MNSBP)  (CIK 0001693577)",2019-03-22,2020-09-16,2020-10-15,True,True,,0.0181935759869593,0.0496558382358598,0.0928925068630737,,,,-0.01230994267328,-0.0361038431719604,-0.1109799425795736,,,,-0.0478587949437097,-0.2493165484123802,-0.2763255399702384,,,,,unknown,0.1,pass,1,0001193125-19-083368,https://www.sec.gov/Archives/edgar/data/1693577/000119312519083368/d704065d1012ba.htm,False,,,,,
spinoff,0001755237,CYCN,"Cyclerion Therapeutics, Inc.  (CYCN)  (CIK 0001755237)",2019-03-11,2019-03-18,2019-04-16,True,True,,-0.1352145748072647,-0.3004115477363259,-0.4297472279867531,-0.8189300521346426,-0.8030570323459405,-0.8483245249188306,-0.1267365701593357,-0.3315258189565854,-0.4695894716019801,-0.8004671144356886,-1.0369590101967665,-1.3392742564165765,-0.1190920665070638,-0.2822154171721661,-0.397486979719038,-0.5719032947492937,-0.8480531757723972,-1.3129336401408933,1082578500.0,small ($500M-$2B),0.1,pass,1,0001047469-19-001059,https://www.sec.gov/Archives/edgar/data/1755237/000104746919001059/a2237974z10-12ba.htm,False,,,,,
spinoff,0001761940,,Diamond S Shipping Inc.  (CIK 0001761940),2019-03-11,,,False,False,unresolved ticker,,,,,,,,,,,,,,,,,,,,unknown,0.1,pass,1,0001144204-19-013331,https://www.sec.gov/Archives/edgar/data/1761940/000114420419013331/tv514633-1012ba.htm,False,,,,,
spinoff,0001751788,DOW,Dow Inc.  (DOW)  (CIK 0001751788),2019-03-08,2019-03-20,2019-04-18,True,True,,-0.1331143419227526,-0.0951850322097132,-0.1462868731588583,-0.4203546689924715,-0.0632493426504602,0.215454871844013,-0.1121844171431831,-0.1248224378687903,-0.1880233722386358,-0.4111266280644087,-0.2954761271791329,-0.2580182337799745,-0.1083136251754218,-0.0869752645573048,-0.1384572993657035,-0.2067060092320354,-0.1292757718517468,-0.2178036004511929,24275193307.102657,large (>$10B),0.7,buy,0,0001193125-19-069293,https://www.sec.gov/Archives/edgar/data/1751788/000119312519069293/d502004d1012ba.htm,False,,,,,
spinoff,0001726126,EPSN,Epsilon Energy Ltd.  (EPSN)  (CIK 0001726126),2019-01-30,2019-01-30,2019-02-28,True,True,,0.0189574596840431,-0.0639808811306203,-0.1208529875312373,-0.2938387165420808,-0.229857699085704,-0.0710899966750148,0.0008566434052801,-0.0696474402087721,-0.1671201798940685,-0.3770523380661166,-0.5165810097725402,-0.522109943732186,0.0398906616218115,-0.0100474919467119,-0.0613338658850826,-0.2397303369416152,-0.2442770372958206,-0.5532614892015278,105522087.15448856,nano (<$500M),0.65,buy,0,0001047469-19-000285,https://www.sec.gov/Archives/edgar/data/1726126/000104746919000285/a2237595z10-12ba.htm,False,,,,,
spinoff,0001754301,FOX,"Fox Corp  (FOX, FOXA)  (CIK 0001754301)",2019-01-25,2019-03-13,2019-04-11,True,True,,0.029936599155431,0.0215746675818102,-0.1531141447865892,-0.2878334942590245,-0.17445888251649,0.0336258303184002,0.0554386124274164,-0.0266618152386135,-0.1802365434482947,-0.263831796471743,-0.4128535355444379,-0.4515828268451711,0.064816998774064,0.0244369351922707,-0.0999778531827616,-0.065212532799724,-0.2327871574375802,-0.4120447008939036,7932939724.922356,mid ($2B-$10B),0.7,buy,0,0001193125-19-017213,https://www.sec.gov/Archives/edgar/data/1754301/000119312519017213/d624266d1012ba.htm,False,,,,,
spinoff,0001708599,SER,"AgeX Therapeutics, Inc.  (SER)  (CIK 0001708599)",2018-11-26,2018-11-29,2018-12-28,True,True,,0.3598616195746122,0.363321721553375,0.1557093197968762,-0.4359861545656603,-0.6723183267209979,-0.4564013845434339,0.2798214693346501,0.2045366831418709,-0.048757363497196,-0.7565105715809898,-0.9535990910835602,-1.012656218943265,0.2474121297237386,0.1953813824315209,-0.0264964442597737,-0.6979439880898429,-0.7724101493508401,-0.9606350158219076,1191834661.221489,small ($500M-$2B),0.1,pass,1,0001493152-18-016705,https://www.sec.gov/Archives/edgar/data/1708599/000149315218016705/form10-12ba.htm,False,,,,,
spinoff,0001747009,,Equitrans Midstream Corp  (EQTNP)  (CIK 0001747009),2018-10-24,,,False,False,unresolved ticker,,,,,,,,,,,,,,,,,,,,unknown,0.1,pass,1,0001047469-18-006840,https://www.sec.gov/Archives/edgar/data/1747009/000104746918006840/a2236969z10-12ba.htm,False,,,,,
spinoff,0001746109,BFC,Bank First National Corp  (BFC)  (CIK 0001746109),2018-10-17,2018-10-17,2018-11-15,True,True,,-0.0178567887024811,0.0842513187849747,0.3677654714762841,0.3732779944099731,0.1734969887409634,0.3657279265092046,0.0478527287980149,0.0585543695553485,0.3075780455386374,0.2077212993612776,0.0523013006632331,-0.0074257404712301,0.076298280919601,0.0424468812820508,0.346877685552837,0.313776255447741,0.271118591399789,0.1552884463431729,487442463.4032707,nano (<$500M),0.65,buy,0,0001571049-18-000511,https://www.sec.gov/Archives/edgar/data/1746109/000157104918000511/tv503386-1012ba.htm,False,,,,,
spinoff,0001740332,REZI,"RESIDEO TECHNOLOGIES, INC.  (REZI)  (CIK 0001740332)",2018-10-02,2018-10-29,2018-11-27,True,True,,0.0372092661064746,0.3059431503661962,0.0170542592868407,-0.4904393042741464,-0.6418604810481013,-0.0263566004562062,0.1087561710724027,0.2550578803413055,-0.0190749588957193,-0.6892072583280902,-0.8154647063714783,-0.4349601372008097,0.1399579541782553,0.2372915069001444,0.0293831743348693,-0.6007963128148959,-0.605324519935361,-0.3022172453402815,3905200101.663048,mid ($2B-$10B),0.7,buy,0,0001193125-18-290883,https://www.sec.gov/Archives/edgar/data/1740332/000119312518290883/d601987d1012ba.htm,False,,,,,
spinoff,0001024725,,TENNECO INC  (CIK 0001024725),2018-10-01,,,False,False,unresolved ticker,,,,,,,,,,,,,,,,,,,,unknown,0.1,pass,1,0001193125-18-289703,https://www.sec.gov/Archives/edgar/data/1024725/000119312518289703/d627221d1012ba.htm,False,,,,,
spinoff,0001739445,ACA,"Arcosa, Inc.  (ACA)  (CIK 0001739445)",2018-09-27,2018-11-05,2018-12-04,True,True,,0.1353466761190029,0.2594209300135286,0.4342984013042472,0.4748150479053852,0.7004924511509631,1.063618847919841,0.1885734675158806,0.2379122378368421,0.3589824557013974,0.2973116969671732,0.4675938870647131,0.6408849483801073,0.1859356900486712,0.2280528401441728,0.4055000560866166,0.3695349516476347,0.6411866128997576,0.7519849492002586,1393154947.8732147,small ($500M-$2B),0.7,buy,0,0001140361-18-039374,https://www.sec.gov/Archives/edgar/data/1739445/000114036118039374/s002266x12_1012ba.htm,False,,,,,
spinoff,0001735707,GTX,Garrett Motion Inc.  (GTX)  (CIK 0001735707),2018-09-05,2018-09-17,2018-10-16,True,True,,-0.1357234626939559,-0.0236875503133402,0.2042254531183482,-0.3745197743757701,-0.7599231701633571,-0.8143405569505517,-0.0993468627190753,0.0330328537749498,0.1592950057277353,-0.4630619604223328,-0.7952109566184704,-1.101931842194794,-0.0777937592726066,0.0539847913204784,0.2172285945041699,-0.3537888682518166,-0.5360494727468555,-0.8665052937719113,3508231224.310541,mid ($2B-$10B),0.7,buy,0,0001193125-18-267125,https://www.sec.gov/Archives/edgar/data/1735707/000119312518267125/d518068d1012ba.htm,False,,,,,
spinoff,0001727263,FTDR,"frontdoor, inc.  (FTDR)  (CIK 0001727263)",2018-08-30,2018-09-13,2018-10-12,True,True,,-0.4529764609894722,-0.3076538113530086,-0.1343171334009572,0.2878940037022983,-0.1585792952771318,0.0610304816069664,-0.440727614708118,-0.2566312251454919,-0.196610808794035,0.1832761649032943,-0.2012599087234345,-0.2497357855189759,-0.4362447784502886,-0.2446987575449252,-0.1661440237562776,0.289354104999145,0.0644826652750304,-0.0172246394980566,2103798060.0,mid ($2B-$10B),0.7,buy,0,0001047469-18-005889,https://www.sec.gov/Archives/edgar/data/1727263/000104746918005889/a2236572z10-12ba.htm,False,,,,,
spinoff,0001738827,KLXE,"KLX Energy Services Holdings, Inc.  (KLXE)  (CIK 0001738827)",2018-08-24,2018-08-29,2018-09-27,True,True,,-0.0546021840873635,-0.2230889235569423,-0.1769111145305187,-0.7301092043681747,-0.9781591263650546,-0.9727925108673048,0.0326387743748621,-0.0803483737591082,-0.1702905394616604,-0.7713122529974712,-0.8922520668436924,-1.1614464049762503,0.0677497402091641,-0.0163799213989656,-0.1034276715724455,-0.6425410000420654,-0.6734504851501629,-0.8865004767854185,2664132398.3757324,mid ($2B-$10B),0.7,buy,0,0001047469-18-005787,https://www.sec.gov/Archives/edgar/data/1738827/000104746918005787/a2236513z10-12ba.htm,False,,,,,
spinoff,0001734342,AMTB,Mercantil Bank Holding Corp  (AMTB)  (CIK 0001734342),2018-08-02,2018-10-18,2018-11-16,True,True,,-0.2238805942807007,-0.0459699757580635,0.114029797082553,0.2597014918081868,-0.2919402324121389,-0.229253707537301,-0.1417927327687901,-0.0653691410215621,0.0598393165695529,0.0975023946119346,-0.4025079975196231,-0.5823633016807171,-0.1087591602871266,-0.0813437223597653,0.1041019116184425,0.1987762940890185,-0.1937928014373128,-0.4199086081481119,1173485129.7049522,small ($500M-$2B),0.65,buy,0,0001193125-18-236176,https://www.sec.gov/Archives/edgar/data/1734342/000119312518236176/d528458d1012ba.htm,False,,,,,
spinoff,0001735184,,Retail Value Inc.  (CIK 0001735184),2018-06-14,,,False,False,unresolved ticker,,,,,,,,,,,,,,,,,,,,unknown,0.1,pass,1,0001193125-18-192249,https://www.sec.gov/Archives/edgar/data/1735184/000119312518192249/d394376d1012ba.htm,False,,,,,
spinoff,0001733186,,"Veoneer, Inc.  (CIK 0001733186)",2018-06-04,,,False,False,unresolved ticker,,,,,,,,,,,,,,,,,,,,unknown,0.1,pass,1,0001193125-18-182424,https://www.sec.gov/Archives/edgar/data/1733186/000119312518182424/d550335d1012ba.htm,False,,,,,
spinoff,0001707178,,CorePoint Lodging Inc.  (CIK 0001707178),2018-05-07,,,False,False,unresolved ticker,,,,,,,,,,,,,,,,,,,,unknown,0.1,pass,1,0001193125-18-153456,https://www.sec.gov/Archives/edgar/data/1707178/000119312518153456/d313441d1012ba.htm,False,,,,,
spinoff,0001722992,,Spirit MTA REIT  (CIK 0001722992),2018-05-04,,,False,False,unresolved ticker,,,,,,,,,,,,,,,,,,,,unknown,0.1,pass,1,0001193125-18-153015,https://www.sec.gov/Archives/edgar/data/1722992/000119312518153015/d471702d1012ba.htm,False,,,,,
spinoff,0001724670,,Perspecta Inc.  (CIK 0001724670),2018-04-30,,,False,False,unresolved ticker,,,,,,,,,,,,,,,,,,,,unknown,0.1,pass,1,0001193125-18-143841,https://www.sec.gov/Archives/edgar/data/1724670/000119312518143841/d474037d1012ba.htm,False,,,,,
spinoff,0001433660,JBTM,John Bean Technologies CORP  (JBT)  (CIK 0001433660),2018-04-27,2018-04-27,2018-05-28,True,True,,0.0505394965293251,0.307833796208818,-0.098214037426959,0.1848081770311558,0.2659146574067801,-0.0590622582381734,0.0448171271446495,0.2258279309631266,-0.1015502569558265,0.1274765878242862,0.0644568826186073,-0.2357875409901277,0.0390237669089099,0.2400877716311915,-0.0315443976294229,0.257641075343918,0.245358277393447,0.057608932531028,5521908508.817078,mid ($2B-$10B),0.7,buy,0,0001433660-18-000012,https://www.sec.gov/Archives/edgar/data/1433660/000143366018000012/a10arightsplanamendment.htm,False,,,,,
spinoff,0001722684,WH,"WYNDHAM HOTELS & RESORTS, INC.  (WH)  (CIK 0001722684)",2018-04-19,2018-05-21,2018-06-19,True,True,,-0.0520325487423732,-0.0814041804640907,-0.2293428309198986,-0.0547114353604935,0.0291241181708123,-0.2235183056660213,-0.068366086732395,-0.1373386004745233,-0.1594140115144512,-0.1445536001290942,-0.1593193928394678,-0.3887725916013648,-0.0589875784199346,-0.0949068330602832,-0.0488134622653063,0.0096318188410137,0.0276864885737919,-0.0853408806228119,4022202695.261551,mid ($2B-$10B),0.7,buy,0,,,False,,,,,
spinoff,0001723089,,Apergy Corp  (CHX)  (CIK 0001723089),2018-04-12,,,False,False,unresolved ticker,,,,,,,,,,,,,,,,,,,,unknown,0.1,pass,1,0001193125-18-114458,https://www.sec.gov/Archives/edgar/data/1723089/000119312518114458/d501571d1012ba.htm,False,,,,,
spinoff,0001720635,NVT,nVent Electric plc  (NVT)  (CIK 0001720635),2018-04-04,2018-04-24,2018-05-23,True,True,,0.0186314712829778,0.0761176832713812,-0.0663455224859601,-0.062301499387924,-0.0325103928461314,-0.2455620976445496,0.0090701302090059,0.0245554315934974,-0.0412760586179098,-0.1168305410581596,-0.2005506716566765,-0.3836655148600674,-0.0174864791655022,0.0154281114208441,0.0266504405691198,-0.0047679519173678,-0.0253061750927392,-0.1256759778193589,3096739488.34778,mid ($2B-$10B),0.7,buy,0,0001193125-18-107214,https://www.sec.gov/Archives/edgar/data/1720635/000119312518107214/d464939d1012ba.htm,False,,,,,
spinoff,0001031235,SELF,"Global Self Storage, Inc.  (SELF)  (CIK 0001031235)",2018-03-28,2018-03-28,2018-04-26,True,True,,-0.0048075729662605,-0.0109130351485748,-0.0076561279165567,-0.0178855753443603,0.2152051986127843,0.0360886670921434,-0.0267366882868803,-0.0796382077256265,-0.0129424003494986,-0.1427820446745786,0.0497470111279645,-0.0799967862506183,-0.0488977614422548,-0.1019325200254328,0.0442629243478144,-0.0571539303388097,0.1951295442436551,0.179983882654606,30879680.154396057,nano (<$500M),0.65,buy,0,0001031235-18-000006,https://www.sec.gov/Archives/edgar/data/1031235/000103123518000006/self_1012ba.htm,False,,,,,
spinoff,0001720116,RDVT,"Red Violet, Inc.  (RDVT)  (CIK 0001720116)",2018-03-12,2018-03-27,2018-04-25,True,True,,0.2269170875762889,0.1690140241006499,-0.1082942370445011,0.1705790042996888,1.5430360149354445,1.7777777777777777,0.1921331262145824,0.0868710371323628,-0.1555296688417758,0.0360258234292858,1.370531478413867,1.6451379102923485,0.17613851147866,0.0788286175820203,-0.0980034778322942,0.1315148162839681,1.5236851428766087,1.9300545391944048,86759865.29930782,nano (<$500M),0.65,buy,0,0001193125-18-079481,https://www.sec.gov/Archives/edgar/data/1720116/000119312518079481/d528710d1012ba.htm,False,,,,,
spinoff,0001418100,,Avaya Holdings Corp.  (CIK 0001418100),2018-01-10,,,False,False,unresolved ticker,,,,,,,,,,,,,,,,,,,,unknown,0.1,pass,2,0001193125-18-007960,https://www.sec.gov/Archives/edgar/data/1418100/000119312518007960/d427311d1012ba.htm,False,,,,,
spinoff,0001707092,,Delphi Technologies PLC  (CIK 0001707092),2017-11-13,,,False,False,unresolved ticker,,,,,,,,,,,,,,,,,,,,unknown,0.1,pass,1,0001193125-17-339723,https://www.sec.gov/Archives/edgar/data/1707092/000119312517339723/d384343d1012ba.htm,False,,,,,
spinoff,0001710366,CNR,CONSOL Mining Corp  (CEIX)  (CIK 0001710366),2017-11-02,2017-11-14,2017-12-13,True,True,,0.1256054048211932,0.0740484552899065,0.4612457170914801,0.126643466609597,-0.0986159414740148,-0.4937716650574072,0.0819847996803335,0.0367271330081622,0.4081324539828732,0.1323586321299774,-0.2262491727468549,-0.7376260869732912,0.0929817855901409,0.0304465613572051,0.348880405733408,0.1887220177166387,-0.1357495153472083,-0.6053140670849019,1041204517.0611116,small ($500M-$2B),0.7,buy,0,0001193125-17-329896,https://www.sec.gov/Archives/edgar/data/1710366/000119312517329896/d417562d1012ba.htm,False,,,,,
spinoff,0000711772,,CAMBRIDGE BANCORP  (CIK 0000711772),2017-10-04,,,False,False,unresolved ticker,,,,,,,,,,,,,,,,,,,,unknown,0.1,pass,1,0000950123-17-008793,https://www.sec.gov/Archives/edgar/data/711772/000095012317008793/catc-1012B-amend_20170630.htm,False,,,,,
spinoff,0001685040,BHFAO,"Brighthouse Financial, Inc.  (BHF, BHFAL, BHFAM, BHFAN, BHFAO, BHFAP)  (CIK 0001685040)",2017-06-30,,,True,False,no price data,,,,,,,,,,,,,,,,,,,,unknown,0.7,buy,0,0001193125-17-219694,https://www.sec.gov/Archives/edgar/data/1685040/000119312517219694/d271055d1012ba.htm,False,,,,,
spinoff,0001689796,JBGS,JBG SMITH Properties  (JBGS)  (CIK 0001689796),2017-06-21,2017-07-06,2017-08-04,True,True,,-0.0519062462137814,-0.0739004441203396,-0.0461625646399954,0.117059741270411,0.1898275427625451,0.1631739335822073,-0.0464497053151696,-0.1202136250643404,-0.1237081836236306,-0.0549318179471391,0.0551622537321365,-0.0459813171909082,-0.0444884773628895,-0.1370916925364191,-0.1077128759029486,-0.0908455884383721,0.0936959644298807,0.0720112774918981,1380507614.0738468,small ($500M-$2B),0.7,buy,0,0001047469-17-004141,https://www.sec.gov/Archives/edgar/data/1689796/000104746917004141/a2232453z10-12ba.htm,False,,,,,
spinoff,0001688405,,Venator Materials Corp  (CIK 0001688405),2017-05-10,,,False,False,unresolved ticker,,,,,,,,,,,,,,,,,,,,unknown,0.1,pass,1,0001047469-17-003307,https://www.sec.gov/Archives/edgar/data/1688405/000104746917003307/a2232041z10-12ba.htm,False,,,,,
spinoff,0001683606,CARS,Cars.com Inc.  (CARS)  (CIK 0001683606),2017-05-05,2017-06-01,2017-06-30,True,True,,-0.0777318723266767,-0.0007509782593047,0.0829891498861643,0.098385314374827,-0.1723619372846846,-0.2054074159121012,-0.1005605078662957,-0.0449066036478424,-0.031796400480198,-0.0469558832801288,-0.2373198636854335,-0.4891453788477052,-0.0881808463358634,-0.0593686748130919,-0.0103326384144986,-0.086876750571317,-0.1496085549092133,-0.3464392821059648,1500514774.11726,small ($500M-$2B),0.7,buy,0,0001193125-17-159376,https://www.sec.gov/Archives/edgar/data/1683606/000119312517159376/d250708d1012ba.htm,False,,,,,
spinoff,0001690334,SMHI,SEACOR Marine Holdings Inc.  (SMHI)  (CIK 0001690334),2017-05-04,2017-06-02,2017-07-03,True,True,,-0.2650245991608041,-0.2241379018750835,-0.4014778288095344,0.1443349958273223,-0.4054187118988305,-0.316748748431605,-0.2866174058338152,-0.2710485369955255,-0.5223418909998947,0.0049702500210355,-0.4432040088533325,-0.5968551598604516,-0.2561273103198271,-0.2868595705248309,-0.4959614171375959,-0.035770425107878,-0.3572053785013652,-0.4513470047234024,554937277.8525162,small ($500M-$2B),0.65,buy,0,0001690334-17-000007,https://www.sec.gov/Archives/edgar/data/1690334/000169033417000007/seacormarineholdingsincfor.htm,False,,,,,
spinoff,0001404280,,STEELE RESOURCES CORP  (CIK 0001404280),2017-01-20,,,False,False,unresolved ticker,,,,,,,,,,,,,,,,,,,,unknown,0.1,pass,3,0001445866-17-000054,https://www.sec.gov/Archives/edgar/data/1404280/000144586617000054/steeleoceanicform10a01202017.htm,False,,,,,
spinoff,0001681622,VREX,Varex Imaging Corp  (VREX)  (CIK 0001681622),2017-01-12,2017-01-23,2017-02-21,True,True,,-0.0749774116158396,0.0198735280218869,-0.1159288943166867,0.0999698821544528,-0.080698538744621,-0.0271002028302504,-0.0699419884075007,0.0026549663668364,-0.1525326396163417,-0.0641387302352143,-0.3255371365414254,-0.2532499671376194,-0.0307547185986138,0.0402418424724239,-0.0845615898359191,-0.0005408718907127,-0.3224165849597522,-0.1840323686256557,1131824664.0,small ($500M-$2B),0.1,pass,1,0001193125-17-008082,https://www.sec.gov/Archives/edgar/data/1681622/000119312517008082/d223180d1012ba.htm,False,,,,,
spinoff,0001603978,AQB,"AquaBounty Technologies, Inc.  (AQB)  (CIK 0001603978)",2016-12-29,2017-01-11,2017-02-09,True,True,,-0.2649572649572649,-0.5407407494352074,-0.5629629803518963,-0.8524216545952691,-0.8535612492140202,-0.8609686631422777,-0.2962232205532866,-0.5833314132416503,-0.6298072997190296,-1.0084659466783812,-1.116017439582914,-1.0957321083784186,-0.2604285191974681,-0.55343712218893,-0.5655395693793748,-0.9389658928100874,-1.10115782326689,-1.0071323224845128,2726988616.36792,mid ($2B-$10B),0.65,buy,0,0001193125-16-806691,https://www.sec.gov/Archives/edgar/data/1603978/000119312516806691/d275549d1012ba.htm,False,,,,,
spinoff,0001681689,,Bioverativ Inc.  (CIK 0001681689),2016-12-20,,,False,False,unresolved ticker,,,,,,,,,,,,,,,,,,,,unknown,0.1,pass,1,0001047469-16-017268,https://www.sec.gov/Archives/edgar/data/1681689/000104746916017268/a2230492z10-12ba.htm,False,,,,,
spinoff,0001674168,HGV,Hilton Grand Vacations Inc.  (HGV)  (CIK 0001674168),2016-11-30,2017-01-04,2017-02-02,True,True,,0.0227350958250485,0.2356182598502596,0.2690320110648556,0.5173957352789385,0.1670685589649621,0.0609713575111723,-0.020905246203847,0.1828075396342414,0.1747530030107269,0.2845507966548133,-0.1130600122419156,-0.184573498864625,0.0012974792606501,0.20826344290594,0.2265557917275211,0.3609308474756676,-0.0912483172210203,-0.0887341934456471,2100541768.7977984,mid ($2B-$10B),0.7,buy,0,0001193125-16-780313,https://www.sec.gov/Archives/edgar/data/1674168/000119312516780313/d253212d1012ba.htm,False,,,,,
spinoff,0001617406,PK,Park Hotels & Resorts Inc.  (PK)  (CIK 0001617406),2016-11-23,2017-01-04,2017-02-02,True,True,,0.0230275954628826,-0.0005464033117266,0.0142539872877054,0.1310306156998535,0.3558255625240256,0.3474062572888994,-0.0206127465660128,-0.0533571235277448,-0.0800250207664232,-0.1018143229242716,0.0756969913171479,0.101861400913102,0.0015899788984843,-0.0279012202560462,-0.028222232049629,-0.0254342721034173,0.0975086863380432,0.1977007063320799,2803857754.121712,mid ($2B-$10B),0.7,buy,0,0001193125-16-776525,https://www.sec.gov/Archives/edgar/data/1617406/000119312516776525/d102835d1012ba.htm,False,,,,,
spinoff,0001679049,INSW,"International Seaways, Inc.  (INSW)  (CIK 0001679049)",2016-11-09,2016-11-16,2016-12-15,True,True,,0.2419827612259384,0.3892130516072742,0.4905249482596621,0.3010202363870713,0.546646854942396,0.2514575256955083,0.2363546523630053,0.3345783445205363,0.3954320509557774,0.0960792419804577,0.2904557784322514,0.0831104081133762,0.2475186266975391,0.3725514935996046,0.4460117522806981,0.1674772363588268,0.2835506638536538,0.2163872925340368,296004860.5228925,nano (<$500M),0.7,buy,0,,,False,,,,,
spinoff,0001677703,CNDT,CONDUENT Inc  (CNDT)  (CIK 0001677703),2016-11-08,2016-12-13,2017-01-11,True,True,,0.0939143471519137,0.19609313105885,0.2058601601098035,0.2554469239418604,0.3861758212830151,-0.1029301875313428,0.0744955786770444,0.1610946937183845,0.1196405759391088,0.0159575213883129,0.1204247112344294,-0.2803342240490152,0.0821049232062141,0.2027028813911791,0.1605260301882911,0.0845931519017912,0.1341858225456484,-0.1730880405795527,2481549024.0,mid ($2B-$10B),0.7,buy,0,0001193125-16-762068,https://www.sec.gov/Archives/edgar/data/1677703/000119312516762068/d208500d1012ba.htm,False,,,,,
spinoff,0001604738,,Ashford Inc.  (CIK 0001604738),2016-11-01,,,False,False,unresolved ticker,,,,,,,,,,,,,,,,,,,,unknown,0.1,pass,1,0001104659-16-153757,https://www.sec.gov/Archives/edgar/data/1604738/000110465916153757/a16-20802_11012ba.htm,False,,,,,
spinoff,0001679273,LW,"Lamb Weston Holdings, Inc.  (LW)  (CIK 0001679273)",2016-10-17,2016-11-10,2016-12-09,True,True,,0.0140186208251731,0.1662320305233053,0.2760440656356708,0.5911356033268989,0.8392456448150045,1.161480633270878,0.0055041732000216,0.1141974114131008,0.1853121351934792,0.391634873344437,0.5755142281310321,0.9439789799991268,0.024268393684857,0.181563986313707,0.241433143965396,0.4817368897441505,0.6086155228055401,1.086752557832052,3624634138.71731,mid ($2B-$10B),0.7,buy,0,0001193125-16-739163,https://www.sec.gov/Archives/edgar/data/1679273/000119312516739163/d205931d1012ba.htm,False,,,,,
spinoff,0001677203,,"QUALITY CARE PROPERTIES, INC.  (CIK 0001677203)",2016-10-13,,,False,False,unresolved ticker,,,,,,,,,,,,,,,,,,,,unknown,0.1,pass,1,0001047469-16-016080,https://www.sec.gov/Archives/edgar/data/1677203/000104746916016080/a2230002z10-12ba.htm,False,,,,,
spinoff,0001675149,AA,Alcoa Upstream Corp  (AA)  (CIK 0001675149),2016-10-11,2016-10-11,2016-11-09,True,True,,0.1159471794781796,0.3335655203286887,0.106894324135274,0.5087051319872338,0.8220755372405935,0.1963790807177823,0.0691317444452372,0.2573360829769027,-0.008894385041773,0.2914293033029804,0.5232102457551138,-0.137174136349117,-0.0127448346017142,0.2032497618212669,-0.0231430521066076,0.2951724540165386,0.4966670296960127,-0.0942211823587244,5603260703.606323,mid ($2B-$10B),0.7,buy,0,0001193125-16-735860,https://www.sec.gov/Archives/edgar/data/1675149/000119312516735860/d48339d1012ba.htm,False,,,,,
spinoff,0001673358,YUMC,"Yum China Holdings, Inc.  (YUMC)  (CIK 0001673358)",2016-10-06,2016-10-17,2016-11-15,True,True,,-0.0060243562413605,0.0109183746990395,0.3399845637313372,0.5606166618829371,0.4431460759262331,0.3615456823115965,-0.0451026250895493,-0.070735669728841,0.244136558024433,0.3620227175767248,0.163369400331466,0.0621595458894503,-0.0570466577905656,-0.0680016499420299,0.2876510470156017,0.4209653399225004,0.1686708342771941,0.1605874804827489,8229457700.329571,mid ($2B-$10B),0.7,buy,0,,,False,,,,,
spinoff,0001670541,ADNT,Adient Ltd  (ADNT)  (CIK 0001670541),2016-09-26,2016-10-17,2016-11-15,True,True,,0.1795893884933193,0.3558254586932938,0.4433663665304526,0.574032894042138,0.1960097036023473,-0.4919046125370719,0.1405111196451305,0.2741714142654132,0.3475183608235483,0.3754389497359256,-0.0837669719924196,-0.7912907489592181,0.1285670869441142,0.2769054340522243,0.3910328498147171,0.4343815720817012,-0.0784655380466916,-0.6928628143659196,3772644512.7379074,mid ($2B-$10B),0.1,pass,1,0001047469-16-015736,https://www.sec.gov/Archives/edgar/data/1670541/000104746916015736/a2229690z10-12ba.htm,False,,,,,
spinoff,0001677761,,"Parkway, Inc.  (CIK 0001677761)",2016-09-20,,,False,False,unresolved ticker,,,,,,,,,,,,,,,,,,,,unknown,0.1,pass,1,0001193125-16-713762,https://www.sec.gov/Archives/edgar/data/1677761/000119312516713762/d257046d1012ba.htm,False,,,,,
spinoff,0001669811,DFIN,"Donnelley Financial Solutions, Inc.  (DFIN)  (CIK 0001669811)",2016-09-20,2016-09-26,2016-10-25,True,True,,-0.1901841055533721,-0.0368098772104376,-0.075664634917881,-0.1186094656600026,-0.2404908337274146,-0.3562372482631426,-0.2206740913733926,-0.1139062012148778,-0.20117467798408,-0.3347269469111446,-0.5218968986880402,-0.6662984430552892,-0.2952036454324405,-0.1715463965436413,-0.2493920527155698,-0.363137481357359,-0.5452516205019081,-0.6218366028388467,663324941.25,small ($500M-$2B),0.7,buy,0,0001193125-16-714600,https://www.sec.gov/Archives/edgar/data/1669811/000119312516714600/d153003d1012ba.htm,False,,,,,
spinoff,0001669812,,"LSC Communications, Inc.  (CIK 0001669812)",2016-09-20,,,False,False,unresolved ticker,,,,,,,,,,,,,,,,,,,,unknown,0.1,pass,1,0001193125-16-714589,https://www.sec.gov/Archives/edgar/data/1669812/000119312516714589/d166624d1012ba.htm,False,,,,,
spinoff,0001660690,,"Versum Materials, Inc.  (CIK 0001660690)",2016-09-12,,,False,False,unresolved ticker,,,,,,,,,,,,,,,,,,,,unknown,0.1,pass,1,0001193125-16-706646,https://www.sec.gov/Archives/edgar/data/1660690/000119312516706646/d49062d1012ba.htm,False,,,,,
spinoff,0001673985,ASIX,AdvanSix Inc.  (ASIX)  (CIK 0001673985),2016-09-07,2016-09-15,2016-10-14,True,True,,0.02240719418935,0.4775927384392333,0.6120360383181669,1.8629963168046544,1.4302176972584548,1.0044814118893033,0.0061251862618894,0.4097266814608808,0.5034025668434621,1.6408871131058846,1.1239960470059815,0.6376604323962984,-0.0499996310479826,0.3569051710400326,0.4805122332508542,1.606650424195447,1.0964098116367962,0.6524044538342437,405239077.26472473,nano (<$500M),0.7,buy,0,0000930413-16-008121,https://www.sec.gov/Archives/edgar/data/1673985/000093041316008121/c84951_1012ba.htm,False,,,,,
spinoff,0001678043,,"C2 Aviation Capital, Inc.  (CIK 0001678043)",2016-08-31,,,False,False,unresolved ticker,,,,,,,,,,,,,,,,,,,,unknown,0.1,pass,1,0001047469-16-015188,https://www.sec.gov/Archives/edgar/data/1678043/000104746916015188/a2229503z10-12ba.htm,False,,,,,
spinoff,0001659910,,"Save-A-Lot, Inc.  (CIK 0001659910)",2016-08-08,,,False,False,unresolved ticker,,,,,,,,,,,,,,,,,,,,unknown,0.1,pass,1,0001659910-16-000018,https://www.sec.gov/Archives/edgar/data/1659910/000165991016000018/f17form10-12bano2.htm,False,,,,,
spinoff,0001671584,APVO,Aptevo Therapeutics Inc.  (APVO)  (CIK 0001671584),2016-07-13,2016-07-20,2016-08-18,True,True,,-0.2915359979387439,-0.385579926165833,-0.3322883655636369,-0.4764890274945699,0.021943635466991,0.6614420570503958,-0.2715597725312463,-0.3860850199224839,-0.4182347991747487,-0.6080026409019967,-0.2561015382180731,0.3047461033273355,-0.289339664169835,-0.4421765379395939,-0.4716229995184181,-0.5894762175592649,-0.2404031630947884,0.2518225811038577,77569563456000.0,large (>$10B),0.1,pass,1,0001193125-16-647395,https://www.sec.gov/Archives/edgar/data/1671584/000119312516647395/d26473d1012ba.htm,False,,,,,
spinoff,0001671534,,Vertiv Co.  (CIK 0001671534),2016-06-17,,,False,False,unresolved ticker,,,,,,,,,,,,,,,,,,,,unknown,0.1,pass,1,0001193125-16-625135,https://www.sec.gov/Archives/edgar/data/1671534/000119312516625135/d138358d1012ba.htm,False,,,,,
spinoff,0001661920,,Lonestar Resources US Inc.  (CIK 0001661920),2016-06-09,,,False,False,unresolved ticker,,,,,,,,,,,,,,,,,,,,unknown,0.1,pass,1,0001104659-16-126311,https://www.sec.gov/Archives/edgar/data/1661920/000110465916126311/a15-25620_11012ba.htm,False,,,,,
spinoff,0001657853,HTZWW,"Hertz Rental Car Holding Company, Inc.  (HTZ, HTZWW)  (CIK 0001657853)",2016-06-02,,,True,False,no price data,,,,,,,,,,,,,,,,,,,,unknown,0.7,buy,0,0001657853-16-000029,https://www.sec.gov/Archives/edgar/data/1657853/000165785316000029/form10-amendment5.htm,False,,,,,
spinoff,0001659166,FTV,Fortive Corp  (FTV)  (CIK 0001659166),2016-05-05,2016-07-05,2016-08-03,True,True,,0.0694214553790897,0.0259373333081913,0.1232800761161339,0.3567410686748677,0.5397291638635011,0.6625314367367732,0.0638245647370663,0.0449220313275179,0.0581037977814513,0.191141027416003,0.2265319803761054,0.2989688494687366,0.0455939092034958,0.0514788085434958,-0.0036622669922796,0.1819304754200514,0.2364599134798743,0.2444808679148826,9059618432.846031,mid ($2B-$10B),0.7,buy,0,,,False,,,,,
spinoff,0001631129,,"ASB Hawaii, Inc.  (CIK 0001631129)",2016-05-04,,,False,False,unresolved ticker,,,,,,,,,,,,,,,,,,,,unknown,0.1,pass,1,0001631129-16-000018,https://www.sec.gov/Archives/edgar/data/1631129/000163112916000018/a10-12ba03312016.htm,False,,,,,
spinoff,0001653477,NGVT,Ingevity Corp  (NGVT)  (CIK 0001653477),2016-04-25,2016-05-03,2016-06-01,True,True,,0.0955906420944665,0.4264563929882254,0.6507885876829109,0.8850981741265056,1.5223689577195991,1.4805278549025185,0.0941669467577521,0.3843026941947705,0.5893890357181593,0.7038252343570695,1.2345927078243393,1.1271161579658124,0.1025001954336244,0.3501854014765744,0.499001462554145,0.6665610070591086,1.168294002540926,1.0251811645928783,904162553.1472664,small ($500M-$2B),0.7,buy,0,0001571049-16-014175,https://www.sec.gov/Archives/edgar/data/1653477/000157104916014175/t1601101_10-12ba.htm,False,,,,,
spinoff,0001438731,,ALJ REGIONAL HOLDINGS INC  (CIK 0001438731),2016-04-22,,,False,False,unresolved ticker,,,,,,,,,,,,,,,,,,,,unknown,0.1,pass,1,0001193125-16-550757,https://www.sec.gov/Archives/edgar/data/1438731/000119312516550757/d48455d1012ba.htm,False,,,,,
spinoff,0001656239,,"PNK Entertainment, Inc.  (CIK 0001656239)",2016-04-11,,,False,False,unresolved ticker,,,,,,,,,,,,,,,,,,,,unknown,0.1,pass,1,0001193125-16-536137,https://www.sec.gov/Archives/edgar/data/1656239/000119312516536137/d108984d1012ba.htm,False,,,,,
spinoff,0001650445,,Quorum Health Corp  (CIK 0001650445),2016-04-01,,,False,False,unresolved ticker,,,,,,,,,,,,,,,,,,,,unknown,0.1,pass,1,0001193125-16-527981,https://www.sec.gov/Archives/edgar/data/1650445/000119312516527981/d28323d1012ba.htm,False,,,,,
spinoff,0001655075,,"Armstrong Flooring, Inc.  (AFIIQ)  (CIK 0001655075)",2016-03-11,,,False,False,unresolved ticker,,,,,,,,,,,,,,,,,,,,unknown,0.1,pass,1,0001193125-16-501509,https://www.sec.gov/Archives/edgar/data/1655075/000119312516501509/d43018d1012ba.htm,False,,,,,
spinoff,0001648893,,"QIG GROUP, LLC  (CIK 0001648893)",2016-02-24,,,False,False,unresolved ticker,,,,,,,,,,,,,,,,,,,,unknown,0.1,pass,1,0001193125-16-475992,https://www.sec.gov/Archives/edgar/data/1648893/000119312516475992/d44014d1012ba.htm,False,,,,,
spinoff,0001633430,,"Gaia, Inc.  (CIK 0001633430)",2016-02-17,,,False,False,unresolved ticker,,,,,,,,,,,,,,,,,,,,unknown,0.1,pass,1,0001193125-16-466176,https://www.sec.gov/Archives/edgar/data/1633430/000119312516466176/d869441d1012ba.htm,False,,,,,
spinoff,0001650962,,"Manitowoc Foodservice, Inc.  (CIK 0001650962)",2016-02-10,,,False,False,unresolved ticker,,,,,,,,,,,,,,,,,,,,unknown,0.1,pass,1,0001650962-16-000051,https://www.sec.gov/Archives/edgar/data/1650962/000165096216000051/mtwfoodservice-form10x12ba.htm,False,,,,,
spinoff,0000828146,LINK,INTERLINK ELECTRONICS INC  (LINK)  (CIK 0000828146),2016-02-05,2016-02-05,2016-03-07,True,True,,0.2027026157611144,1.0109798409323068,0.8226354717276572,0.6773648454254604,0.2077704507352922,-0.0540539462954657,0.1683307974931431,0.9519038548378116,0.7226918378556733,0.4704782959603806,-0.0568409357265591,-0.4701501792867414,0.1879093690782247,0.931247822603952,0.6694555565296574,0.4016153169583007,-0.0994400364906724,-0.5354549971115442,39200018.8408134,nano (<$500M),0.1,pass,1,0001104659-16-094295,https://www.sec.gov/Archives/edgar/data/828146/000110465916094295/a15-22736_11012ba.htm,False,,,,,
spinoff,0001644440,,GCP Applied Technologies Inc.  (CIK 0001644440),2016-01-14,,,False,False,unresolved ticker,,,,,,,,,,,,,,,,,,,,unknown,0.1,pass,1,0001644440-16-000045,https://www.sec.gov/Archives/edgar/data/1644440/000164444016000045/form10-amendment7.htm,False,,,,,
spinoff,0001642380,IMDX,OncoCyte Corp  (OCX)  (CIK 0001642380),2015-12-29,2015-12-30,2016-01-28,True,True,,0.4227492349581461,0.9859206716807064,0.4338644346470905,1.148944071576668,0.3338273547717247,0.4635050142634203,0.3992178488144,0.8832823975804382,0.275696575962181,0.9121672547937588,-0.0121864522810277,-0.1040832840412411,0.3922544180445235,0.8439723038999429,0.211490339151783,0.761674672925007,-0.1226455770296599,-0.1748425284966495,5198345441.137756,mid ($2B-$10B),0.1,pass,1,0001140361-15-045816,https://www.sec.gov/Archives/edgar/data/1642380/000114036115045816/form1012ba.htm,False,,,,,
spinoff,0001646383,,Computer Sciences Government Services Inc.  (CIK 0001646383),2015-11-06,,,False,False,unresolved ticker,,,,,,,,,,,,,,,,,,,,unknown,0.1,pass,1,0001646383-15-000036,https://www.sec.gov/Archives/edgar/data/1646383/000164638315000036/form10a-amendment6.htm,False,,,,,
spinoff,0001653821,,CEN BIOTECH INC  (CIK 0001653821),2015-11-05,,,False,False,unresolved ticker,,,,,,,,,,,,,,,,,,,,unknown,0.1,pass,3,0001078782-15-001753,https://www.sec.gov/Archives/edgar/data/1653821/000107878215001753/form10a110415_1012bz.htm,False,,,,,
spinoff,0001359841,,Hanesbrands Inc.  (HBI)  (CIK 0001359841),2015-11-02,,,False,False,unresolved ticker,,,,,,,,,,,,,,,,,,,,unknown,0.1,pass,1,0001359841-15-000169,https://www.sec.gov/Archives/edgar/data/1359841/000135984115000169/hbi-2015112x10x12ba.htm,False,,,,,
spinoff,0001642122,ACGP,"Associated Capital Group, Inc.  (AC)  (CIK 0001642122)",2015-10-30,2015-11-10,2015-12-09,True,True,,-0.0850470141225221,-0.1190031515314991,-0.0807043745577564,0.0799612760453671,0.0909939261187777,0.0675187565007016,-0.0261851798034664,-0.1123149680122148,-0.1151355543839649,-0.0401223244798247,-0.1321152408068706,-0.2800770827883261,0.0046375604379715,-0.0715767339998427,-0.1056326848687851,-0.1490500144486979,-0.1765860187232872,-0.2991522099642423,43228354.47488403,nano (<$500M),0.1,pass,2,0001047469-15-008192,https://www.sec.gov/Archives/edgar/data/1642122/000104746915008192/a2226424z10-12ba.htm,False,,,,,
spinoff,0001650132,FCPT,"Four Corners Property Trust, Inc.  (FCPT)  (CIK 0001650132)",2015-10-21,2015-11-10,2015-12-09,True,True,,0.0861665110261742,0.3282403598361898,0.4921053819209393,0.4979602416651334,1.0055590849496223,1.0084890606141608,0.1450283453452299,0.334928543355474,0.4576742020947308,0.3778766411399414,0.7824499180239739,0.6608932213251331,0.1758510855866679,0.3756667773678461,0.4671770716099106,0.2689489511710683,0.7379791401075573,0.6418180941492169,858532318.7114334,small ($500M-$2B),0.1,pass,1,0001650132-15-000021,https://www.sec.gov/Archives/edgar/data/1650132/000165013215000021/fourconersamendment5form10.htm,False,,,,,
spinoff,0001635881,,Exterran Corp  (CIK 0001635881),2015-10-20,,,False,False,unresolved ticker,,,,,,,,,,,,,,,,,,,,unknown,0.1,pass,2,0001047469-15-007943,https://www.sec.gov/Archives/edgar/data/1635881/000104746915007943/a2226294z10-12ba.htm,False,,,,,
spinoff,0001645590,HPE-PC,Hewlett Packard Enterprise Co  (HPE)  (CIK 0001645590),2015-10-07,,,True,False,no price data,,,,,,,,,,,,,,,,,,,,unknown,0.7,buy,0,,,False,,,,,
spinoff,0001644949,,"Vistana Signature Experiences, Inc.  (CIK 0001644949)",2015-09-22,,,False,False,unresolved ticker,,,,,,,,,,,,,,,,,,,,unknown,0.1,pass,1,0001193125-15-325636,https://www.sec.gov/Archives/edgar/data/1644949/000119312515325636/d907952d1012ba.htm,False,,,,,
spinoff,0001636519,MSGS,"MSG SPINCO, INC.  (MSGS)  (CIK 0001636519)",2015-09-11,2015-09-17,2015-10-16,True,True,,-0.0302688137161052,-0.1656313619669828,-0.0713236533735111,-0.0884345740168873,0.1232211154605038,0.2085499018509391,-0.0418292176463405,-0.0963109284614395,-0.11544307279192,-0.1557491326641137,-0.0619787050363889,-0.1012922771087987,-0.0270633855812013,-0.0250897144171994,-0.0609623026388927,-0.1469783444870945,-0.080105449360494,-0.1190585116975935,2396332461.5359497,mid ($2B-$10B),0.7,buy,0,0001193125-15-318614,https://www.sec.gov/Archives/edgar/data/1636519/000119312515318614/d868003d1012ba.htm,False,,,,,
spinoff,0001617227,,"J. Alexander's Holdings, Inc.  (CIK 0001617227)",2015-09-09,,,False,False,unresolved ticker,,,,,,,,,,,,,,,,,,,,unknown,0.1,pass,1,0001193125-15-315055,https://www.sec.gov/Archives/edgar/data/1617227/000119312515315055/d944902d1012ba.htm,False,,,,,
spinoff,0001624794,CSW,"CSW INDUSTRIALS, INC.  (CSWI)  (CIK 0001624794)",2015-09-09,2015-09-30,2015-10-29,True,True,,0.025447680430221,-0.0380310137451151,-0.0950781428572377,-0.1526843124156544,0.0095078917304718,0.3604589464283698,0.0261183308811534,0.0291411684533591,-0.102054142406427,-0.1923646959943189,-0.1704767925333483,0.0791029072175806,-0.0024281721518848,0.0736044506538313,-0.0816557628974798,-0.1873061596341477,-0.2188045462395607,0.0433388262448366,476419610.5772018,nano (<$500M),0.7,buy,0,0001193125-15-314746,https://www.sec.gov/Archives/edgar/data/1624794/000119312515314746/d942100d1012ba.htm,False,,,,,
spinoff,0001641991,,"SPX FLOW, Inc.  (CIK 0001641991)",2015-09-08,,,False,False,unresolved ticker,,,,,,,,,,,,,,,,,,,,unknown,0.1,pass,1,0001047469-15-007196,https://www.sec.gov/Archives/edgar/data/1641991/000104746915007196/a2225937z10-12ba.htm,False,,,,,
spinoff,0001626115,PJT,PJT Partners Inc.  (PJT)  (CIK 0001626115),2015-09-03,2015-09-22,2015-10-21,True,True,,-0.0530469436586319,0.1183692370319775,0.0519890247445329,0.1650036204979068,0.5378416457022464,0.6943973133189807,-0.0862401500905242,0.1688824883584597,0.0051824111146614,0.0825890293063333,0.3252325637696196,0.3668721163428428,-0.0736239025853983,0.2231008571837531,0.041178402508643,0.0831332474551354,0.2883749690153563,0.3363486073493711,631618769.9494553,small ($500M-$2B),0.7,buy,0,0001193125-15-310876,https://www.sec.gov/Archives/edgar/data/1626115/000119312515310876/d34922d1012ba.htm,False,,,,,
spinoff,0001211805,MYSZ,"My Size, Inc.  (MYSZ)  (CIK 0001211805)",2015-08-18,2016-08-09,2016-09-07,True,True,,-0.036697247706422,-0.036697247706422,-0.5623853211009174,-0.8566972477064221,,,-0.0269258453624406,-0.0540929773456353,-0.6557583663758267,-1.0068165287471085,,,-0.0267476102134208,-0.112863307701019,-0.6491723673377149,-0.9816472267555808,,,60044072400.0,large (>$10B),0.1,pass,2,0001144204-15-050421,https://www.sec.gov/Archives/edgar/data/1211805/000114420415050421/v418476_10-12ba.htm,False,,,,,
spinoff,0001639947,,"Care Capital Properties, Inc.  (CIK 0001639947)",2015-07-30,,,False,False,unresolved ticker,,,,,,,,,,,,,,,,,,,,unknown,0.1,pass,1,0001047469-15-006442,https://www.sec.gov/Archives/edgar/data/1639947/000104746915006442/a2225458z10-12ba.htm,False,,,,,
spinoff,0001633978,LITE,Lumentum Holdings Inc.  (LITE)  (CIK 0001633978),2015-07-14,2015-07-23,2015-08-21,True,True,,-0.2089412016027113,-0.1416470695944393,0.133176466997932,0.6018823960248161,1.3364706600413605,1.5576469870174634,-0.1942219340116751,-0.2013155787993795,0.1501588602750295,0.4732960532492123,1.1028230026708017,1.264322238908538,-0.1979004567440248,-0.1534967478571386,0.2519558201650914,0.5137637368155534,1.0953770411987738,1.3370675018062868,1213800000.0,small ($500M-$2B),0.7,buy,0,,,False,,,,,
spinoff,0001644889,,"BIM HOMES, INC.  (CIK 0001644889)",2015-06-26,,,False,False,unresolved ticker,,,,,,,,,,,,,,,,,,,,unknown,0.1,pass,2,0001644889-15-000006,https://www.sec.gov/Archives/edgar/data/1644889/000164488915000006/bimform10a623_form10.htm,False,,,,,
spinoff,0001633917,PYPL,"PayPal Holdings, Inc.  (PYPL)  (CIK 0001633917)",2015-06-26,2015-07-06,2015-08-04,True,True,,-0.0996150138683623,-0.050320936648612,-0.0498075561651443,-0.0608473042601521,0.0161745375489479,0.4998714087243174,-0.0328946009071066,-0.0603685934014209,0.0263268571159038,-0.1157107220048688,-0.1074409519157728,0.2703225654786085,-0.0328445092392708,-0.017696340247851,0.1216232286699277,-0.0632436809116593,-0.1134683838780854,0.3222455267938819,32851392014.9012,large (>$10B),0.7,buy,0,,,False,,,,,
spinoff,0001635718,,"Gannett SpinCo, Inc.  (CIK 0001635718)",2015-06-12,,,False,False,unresolved ticker,,,,,,,,,,,,,,,,,,,,unknown,0.1,pass,1,0001047469-15-005403,https://www.sec.gov/Archives/edgar/data/1635718/000104746915005403/a2225092z10-12ba.htm,False,,,,,
spinoff,0001630805,BW-PA,"Babcock & Wilcox Enterprises, Inc.  (BW, BWNB, BWSN, BW-PA)  (CIK 0001630805)",2015-06-09,,,True,False,no price data,,,,,,,,,,,,,,,,,,,,unknown,0.7,buy,0,,,False,,,,,
spinoff,0001637761,,SeaSpine Holdings Corp  (CIK 0001637761),2015-06-09,,,False,False,unresolved ticker,,,,,,,,,,,,,,,,,,,,unknown,0.1,pass,1,0001193125-15-217564,https://www.sec.gov/Archives/edgar/data/1637761/000119312515217564/d848070d1012ba.htm,False,,,,,
spinoff,0001633931,BLD,TopBuild Corp  (BLD)  (CIK 0001633931),2015-06-08,2015-06-17,2015-07-16,True,True,,0.0344240021686825,0.0156782236564536,-0.1564417221784859,0.2927743731395387,0.282208545883956,0.7982276089688292,0.0479897296695991,0.0720792439235308,-0.0706010577391822,0.2541039499474482,0.1775501723267032,0.5926116688090892,0.0815301389671673,0.1195186340506591,0.0320229968900205,0.3301371305092564,0.1788334076673832,0.6395902639314883,640301866.75,small ($500M-$2B),0.7,buy,0,0001047469-15-005307,https://www.sec.gov/Archives/edgar/data/1633931/000104746915005307/a2224990z10-12ba.htm,False,,,,,
spinoff,0001620546,,Baxalta Inc  (CIK 0001620546),2015-06-05,,,False,False,unresolved ticker,,,,,,,,,,,,,,,,,,,,unknown,0.1,pass,1,0001193125-15-214952,https://www.sec.gov/Archives/edgar/data/1620546/000119312515214952/d829725d1012ba.htm,False,,,,,
spinoff,0001627223,CC,Chemours Co  (CC)  (CIK 0001627223),2015-06-05,2015-06-19,2015-07-20,True,True,,-0.1598514897464151,-0.4642167586259079,-0.6975777559188225,-0.2272594931566207,1.133223787704416,2.8554574411096314,-0.1475740874311055,-0.4253473340975849,-0.5920823432433706,-0.2662427786128365,1.0315302652577558,2.6443271661758487,-0.1245139317564093,-0.3896340477505161,-0.4929353745588041,-0.1961144092279675,1.0305284216220765,2.676861044824075,2138296701.2687435,mid ($2B-$10B),0.7,buy,0,0001193125-15-215110,https://www.sec.gov/Archives/edgar/data/1627223/000119312515215110/d832629d1012ba.htm,False,,,,,
spinoff,0001632127,CABO,"Cable One, Inc.  (CABO)  (CIK 0001632127)",2015-06-04,2015-06-11,2015-07-10,True,True,,0.1211569167105504,0.0994271811383447,0.1066770994006982,0.3890866372369246,0.5262177203626297,0.914925518645789,0.1062636231665721,0.1246050516265632,0.1713296103338846,0.3382528855452347,0.3988344194685658,0.6980830358899837,0.1442779093685782,0.1662000583846412,0.2640121457714579,0.4223093545531321,0.4154948148975292,0.7506302340312287,2008812395.0463867,mid ($2B-$10B),0.65,buy,0,0001193125-15-213483,https://www.sec.gov/Archives/edgar/data/1632127/000119312515213483/d869451d1012ba.htm,False,,,,,
spinoff,0001629995,,"Columbia Pipeline Group, Inc.  (CIK 0001629995)",2015-06-02,,,False,False,unresolved ticker,,,,,,,,,,,,,,,,,,,,unknown,0.1,pass,1,0001193125-15-210599,https://www.sec.gov/Archives/edgar/data/1629995/000119312515210599/d891954d1012ba.htm,False,,,,,
spinoff,0001632790,ENR,"Energizer SpinCo, Inc.  (ENR)  (CIK 0001632790)",2015-05-27,2015-06-12,2015-07-13,True,True,,0.0732466715162205,0.097662320614251,-0.1784866096399395,0.3171800581987831,0.27406990982822,0.2571087434201986,0.0784903776243197,0.1329068969459106,-0.1045392755698169,0.2702684816147587,0.1589938087778601,0.0445056436838764,0.1155470939172638,0.1730058072571837,-0.0081432050267937,0.3483993384799044,0.1652240619491438,0.0969350078220985,1721989313.0312405,small ($500M-$2B),0.7,buy,0,0001193125-15-200846,https://www.sec.gov/Archives/edgar/data/1632790/000119312515200846/d839175d1012ba.htm,False,,,,,
spinoff,0001620280,,"COMMUNICATIONS SALES & LEASING, INC.  (UNIT)  (CIK 0001620280)",2015-03-25,,,False,False,unresolved ticker,,,,,,,,,,,,,,,,,,,,unknown,0.1,pass,2,0001193125-15-104011,https://www.sec.gov/Archives/edgar/data/1620280/000119312515104011/d798710d1012ba.htm,False,,,,,
spinoff,0001406587,FOR,Forestar Group Inc.  (FOR)  (CIK 0001406587),2015-03-13,2015-03-13,2015-04-13,True,True,,-0.1376262805666462,-0.1755050319565182,-0.099747468970063,-0.1698232644030709,-0.2910353892640838,-0.0909091237491153,-0.1418829421718744,-0.1836372558674462,-0.0723484997629566,-0.1756795078518301,-0.3577632096182255,-0.2628199998528908,-0.1120889185911843,-0.1783887646946774,-0.0270704445862501,-0.0571557675115133,-0.3025661893962981,-0.2127924810026995,795952148.672409,small ($500M-$2B),0.7,buy,0,0001104659-15-019626,https://www.sec.gov/Archives/edgar/data/1406587/000110465915019626/a15-6812_11012ba.htm,False,,,,,
spinoff,0001620393,NXRT,"NexPoint Residential Trust, Inc.  (NXRT)  (CIK 0001620393)",2015-03-12,2015-03-19,2015-04-17,True,True,,0.0465612717693069,-0.0129485549378225,-0.0248420982797796,0.1009360481609131,0.4381959861741356,1.0165954314853112,0.0217956923909119,-0.0397028503704355,-0.0077291723752204,0.0732595953705359,0.3807051998087269,0.8442257499445127,0.0415783056738037,-0.0279248958923195,0.0397456353993124,0.1771513392862443,0.4481554113407737,0.8963409530788362,234459874.15850165,nano (<$500M),0.65,buy,0,0001193125-15-087874,https://www.sec.gov/Archives/edgar/data/1620393/000119312515087874/d842029d1012ba.htm,False,,,,,
spinoff,0001623595,,"Atlas Energy Group, LLC  (CIK 0001623595)",2015-01-30,,,False,False,unresolved ticker,,,,,,,,,,,,,,,,,,,,unknown,0.1,pass,2,0001193125-15-028074,https://www.sec.gov/Archives/edgar/data/1623595/000119312515028074/d812275d1012ba.htm,False,,,,,
spinoff,0001616318,,Vista Outdoor Inc.  (VSTO)  (CIK 0001616318),2015-01-16,,,False,False,unresolved ticker,,,,,,,,,,,,,,,,,,,,unknown,0.1,pass,1,0001047469-15-000277,https://www.sec.gov/Archives/edgar/data/1616318/000104746915000277/a2222683z10-12ba.htm,False,,,,,
spinoff,0001616000,XHR,"Xenia Hotels & Resorts, Inc.  (XHR)  (CIK 0001616000)",2015-01-09,2015-02-04,2015-03-05,True,True,,0.0987749359294105,0.0568587007000465,-0.1241184058893342,-0.219989886306954,-0.1579544195806601,-0.1111308416037427,0.1068633194757466,0.053970317468883,-0.0612897671563706,-0.1919842478663133,-0.2231451905869026,-0.2886712456569694,0.0754520369530096,0.0392572782687135,-0.0591120768669197,-0.1105605600548941,-0.1861755222541137,-0.267171869580561,1229594042.9401877,small ($500M-$2B),0.7,buy,0,0001193125-15-006255,https://www.sec.gov/Archives/edgar/data/1616000/000119312515006255/d767140d1012ba.htm,False,,,,,
