signal_type,cik,ticker,company,filed_date,first_trade_date,entry_date,resolved_ticker,has_prices,notes,ret_1m,ret_3m,ret_6m,ret_12m,ret_18m,ret_24m,excess_SPY_1m,excess_SPY_3m,excess_SPY_6m,excess_SPY_12m,excess_SPY_18m,excess_SPY_24m,excess_IWM_1m,excess_IWM_3m,excess_IWM_6m,excess_IWM_12m,excess_IWM_18m,excess_IWM_24m
activist_13d,0001611647,FRPT,"Freshpet, Inc.  (FRPT)  (CIK 0001611647)",2023-08-23,,2023-08-23,True,True,filer_cik=0001159159,-0.15606020634017415,-0.08819646809590398,0.21481389927849137,0.8331132856329955,0.41114338880308243,-0.24135198435279026,-0.1310239915308703,-0.11491897507927162,0.05979590170213078,0.5465351871629465,0.041618970978606784,-0.7397633252506779,-0.10697261684965331,-0.045464603812940596,0.12990896522396822,0.6306139810490725,0.22676768399666014,-0.5434805390069763
activist_13d,0001049521,MRCY,MERCURY SYSTEMS INC  (MRCY)  (CIK 0001049521),2023-02-03,,2023-02-03,True,True,filer_cik=0001159159,-0.05828056508059953,-0.2734841739430147,-0.30895927049455596,-0.4524886877828054,-0.38859730716204754,-0.17918554797970876,-0.024134614896505036,-0.27798223665093746,-0.410234159069767,-0.6686589545568953,-0.6736290662763683,-0.6772437782208581,-0.005079948317907479,-0.16232974863202265,-0.3016846873315071,-0.45028444444517035,-0.4347611212153156,-0.3572437059684229
activist_13d,0001448056,,"NEW RELIC, INC.  (CIK 0001448056)",2022-11-17,,2022-11-17,False,False,filer_cik=0001159159 | unresolved,,,,,,,,,,,,,,,,,,
activist_13d,0001320695,,"TreeHouse Foods, Inc.  (THS)  (CIK 0001320695)",2022-04-12,,2022-04-12,False,False,filer_cik=0001159159 | unresolved,,,,,,,,,,,,,,,,,,
activist_13d,0001724670,,Perspecta Inc.  (CIK 0001724670),2021-04-19,,2021-04-19,False,False,filer_cik=0001159159 | unresolved,,,,,,,,,,,,,,,,,,
activist_13d,0001546417,BLMN,"Bloomin' Brands, Inc.  (BLMN)  (CIK 0001546417)",2020-11-27,,2020-11-27,True,True,filer_cik=0001159159,0.058525673976883574,0.4558245497065905,0.6426562348905502,0.01800798287892591,0.20296514202246496,0.26326221606958367,0.0327511580145643,0.38840720923586325,0.47995562694833005,-0.27751990264684956,0.043883201130015426,0.1444941850837853,0.0006706401600962142,0.24949023215442456,0.3994934839620634,-0.20149840540468977,0.18316909518253977,0.25179517932295714
activist_13d,0000837465,CALY,CALLAWAY GOLF CO  (MODG)  (CIK 0000837465),2020-07-23,,2020-07-23,True,True,filer_cik=0001159159,0.022975933288710282,0.072757104690794,0.5836980128829501,0.7494528632922526,0.321662961701213,0.2024069319807993,-0.028176195483698097,0.00729413311382876,0.388344415936585,0.36695114620603975,-0.0639397961986885,-0.058337176578963756,-0.019854325712933774,-0.0063441373919057575,0.12347252411124177,0.25327688118933644,-0.028930082335381302,-0.040415223697510605
activist_13d,0000807882,JACK,JACK IN THE BOX INC /NEW/  (JACK)  (CIK 0000807882),2019-01-14,,2019-01-14,True,True,filer_cik=0001159159,0.03701408481270896,-0.03183569165328359,-0.045063045271062085,0.005000976604887297,-0.01734732410260864,0.22217120968792048,-0.03132296884429042,-0.16333302785218717,-0.2205288965069383,-0.2912333754969787,-0.3045451629219543,-0.3093302773399458,-0.04150942711383143,-0.13966628978150997,-0.14314751880990384,-0.181704800160984,-0.07244917530953365,-0.2934677989126444
activist_13d,0001609711,GDDY,GoDaddy Inc.  (GDDY)  (CIK 0001609711),2023-12-08,,2023-12-08,True,True,filer_cik=0001517137,0.0037388495712442626,0.1268335122863169,0.3431119680049619,0.9638578362390031,0.6847858269236957,0.19643376447836913,-0.03600939721094565,-0.0006661037349520171,0.1679661501576304,0.6362798851358296,0.36158779891531223,-0.32329624288649694,-0.04441542817929345,0.025863247113555143,0.259329929569974,0.6809302260962804,0.546680283013451,-0.19438776983720385
activist_13d,0001174169,AQNB,"ALGONQUIN POWER & UTILITIES CORP.  (AQN, AQNB, AGQPF)  (CIK 0001174169)",2023-10-19,,2023-10-19,True,True,filer_cik=0001517137,0.026304634869243504,0.05365192435155519,0.07356152236303415,0.14744510240323927,0.17869522991207942,0.2536856104079477,-0.030820734433490093,-0.08465954030410128,-0.10671425075006558,-0.2397043622531556,-0.12895175008401472,-0.3623387780621654,-0.031043176853359,-0.1162010783608387,-0.09186230118250438,-0.18613876998158863,0.007393544247235706,-0.24199212549850913
activist_13d,0001546417,BLMN,"Bloomin' Brands, Inc.  (BLMN)  (CIK 0001546417)",2023-09-06,,2023-09-06,True,True,filer_cik=0001517137,-0.12282651321790017,-0.11122639388952482,0.12070133318707899,-0.34990236409040165,-0.6523401153528763,-0.7136987445158562,-0.07750662702778177,-0.1380979511976066,-0.04177556329791554,-0.5778129325726437,-0.9237486999226632,-1.2142359943955017,-0.047740252335573996,-0.10652747091032733,-0.0005240674325810435,-0.4822323149414195,-0.7527158987079385,-1.016147703738054
activist_13d,0001674101,VRT,Vertiv Holdings Co  (VRT)  (CIK 0001674101),2023-07-21,,2023-07-21,True,True,filer_cik=0001517137,0.36565428074456996,0.4571648300199711,1.0825395084052643,2.5477421442093404,4.987499777348681,4.366701841227661,0.3940499383856644,0.5107846363237758,1.0052640839978444,2.3059223580851342,4.6113607270587185,3.920247790760218,0.41749016733221345,0.5859759469982087,1.063376577672599,2.3871266511945954,4.78431454674155,4.183582831924449
activist_13d,0000934549,ACTG,ACACIA RESEARCH CORP  (ACTG)  (CIK 0000934549),2023-07-17,,2023-07-17,True,True,filer_cik=0001517137,-0.07823964785402304,-0.12713941318952515,-0.08801958926251363,0.36185818187244734,0.06845958985943446,-0.1100244574316176,-0.06060591649670222,-0.08761778483987692,-0.14945525505523893,0.10924043999110711,-0.27077597225451644,-0.5418092692410463,-0.050137794859348106,-0.010852386026027228,-0.08212378969281442,0.19795659950009692,-0.11468682604042968,-0.28289638206405776
activist_13d,0001576789,WIX,Wix.com Ltd.  (WIX)  (CIK 0001576789),2023-06-20,,2023-06-20,True,True,filer_cik=0001517137,0.061409011155510784,0.1834735792324098,0.44204452834042796,0.9827954895838114,1.7017456587996298,1.0244884123356859,0.027098318229086482,0.1672524126220185,0.35426580653782946,0.7181733995186399,1.3377674778182191,0.5996049716167187,0.007662947544101462,0.2021092757377546,0.3723361092414501,0.8881565597175696,1.4847113772176477,0.8366309620140238
activist_13d,0001049521,MRCY,MERCURY SYSTEMS INC  (MRCY)  (CIK 0001049521),2023-06-15,,2023-06-15,True,True,filer_cik=0001517137,-0.1161209199435348,-0.04458439354530175,-0.07355168583191674,-0.29143580301826144,-0.00931987216056085,0.27884129677796454,-0.14611912507256675,-0.05359177974385465,-0.14773710639239646,-0.5454408551680404,-0.40890680105751775,-0.1047197630485599,-0.161628735746579,-0.024151159098470876,-0.13865313052728645,-0.375288662796898,-0.28160305321810364,0.134396748564253
activist_13d,0001794905,,"Cyxtera Technologies, Inc.  (CIK 0001794905)",2023-06-08,,2023-06-08,False,False,filer_cik=0001517137 | unresolved,,,,,,,,,,,,,,,,,,
activist_13d,0000084748,ROG,ROGERS CORP  (ROG)  (CIK 0000084748),2023-06-06,,2023-06-06,True,True,filer_cik=0001517137,0.06010677177835455,-0.10184943760291931,-0.15791873134633871,-0.2126855727531045,-0.31616303851423355,-0.540505348525613,0.03172313727816212,-0.14821884272196684,-0.23240571190046622,-0.4798923741444949,-0.763081291403412,-0.988067596233493,0.05516125627842183,-0.11452083024371285,-0.16583165910987663,-0.33246575566630465,-0.6337805730171366,-0.7338750217335888
activist_13d,0001046102,RBA,RITCHIE BROS AUCTIONEERS INC  (RBA)  (CIK 0001046102),2023-04-10,,2023-04-10,True,True,filer_cik=0001517137,0.009087846145295453,0.07007523073364896,0.17380576433826844,0.31348262896721835,0.44784787197935483,0.7507537347468787,0.005865218006264161,-0.014135594676925711,0.11077924392965799,0.040161428233192575,0.009435110793101886,0.4115132821233989,0.021719447256682733,-0.012858686931624286,0.17636197662338438,0.1545056249797503,0.18224906521435447,0.6751612789204549
activist_13d,0001102993,LPSN,LIVEPERSON INC  (LPSN)  (CIK 0001102993),2023-03-17,,2023-03-17,True,True,filer_cik=0001517137,0.2779096595139634,-0.1306413270096145,0.02612828956469193,-0.7482185394403443,-0.757719717798187,-0.7814726863453896,0.2158057869688741,-0.26167631674004244,-0.11966653660070414,-1.089735030523812,-1.222801140078206,-1.2672262878515175,0.23441910202894678,-0.22357422149739126,-0.04593805860337885,-0.9460892992632463,-1.065368671263514,-1.0063113868726012
activist_13d,0000901491,PZZA,PAPA JOHNS INTERNATIONAL INC  (PZZA)  (CIK 0000901491),2023-03-03,,2023-03-03,True,True,filer_cik=0001517137,-0.1123436072906625,-0.1478798576441428,-0.07950361558405705,-0.1449638904350421,-0.3879517518387766,-0.3955407008602536,-0.13294871552145104,-0.2106302996254824,-0.2042082361093972,-0.4188411806473893,-0.7805432569601839,-0.860626360612555,-0.04779305373496756,-0.10188330405363555,-0.08255681279609572,-0.22468046925611818,-0.5227691078840425,-0.4998622231819301
activist_13d,0000868857,ACM,AECOM  (ACM)  (CIK 0000868857),2023-01-27,,2023-01-27,True,True,filer_cik=0001517137,0.004770398666019249,-0.031677735349583735,0.0165117619443087,0.052964021333498534,0.06892389996684112,0.24958785225992086,0.027990515736502797,-0.06085699820338364,-0.12045387689964482,-0.17546953416355282,-0.31820054401898545,-0.2757621566268895,0.012155086028944662,0.04076413789829969,-0.03842834950627272,-0.0054598313046427815,-0.13588875171789927,0.022883785896949504
activist_13d,0000893949,MD,"Pediatrix Medical Group, Inc.  (MD)  (CIK 0000893949)",2023-01-20,,2023-01-20,True,True,filer_cik=0001517137,0.03750004313494082,-0.030263160784158694,-0.052631592156154094,-0.3664473529420069,-0.4947368470585578,-0.05789474509759629,0.029391573384554892,-0.07546143653115356,-0.20860562897030344,-0.6098269705319865,-0.891476186392971,-0.6369777156465662,0.024583733956027753,0.006619710701588732,-0.11294927631831853,-0.441296410332366,-0.6959705851186384,-0.32696040120835945
activist_13d,0001169561,CVLT,COMMVAULT SYSTEMS INC  (CVLT)  (CIK 0001169561),2022-12-02,,2022-12-02,True,True,filer_cik=0001517137,-0.032277287684045475,-0.13179916222587706,0.06888823575148972,0.1400179767328542,0.7284817892093545,1.5738196384633678,0.020284062420251048,-0.11506031727078225,0.008121407684094528,0.00023783057073956115,0.3842708499919796,1.038976752873297,0.029833725110446796,-0.1281860759494402,0.08062116296699495,0.1439308179903327,0.62183990567964,1.2716616145906607
activist_13d,0001333493,EHTH,"eHealth, Inc.  (EHTH)  (CIK 0001333493)",2022-11-15,,2022-11-15,True,True,filer_cik=0001517137,0.5158227315661135,2.088607583476114,1.5569619317215988,1.4303796264991981,0.6487341445047423,0.5664555932959414,0.538056699321415,2.0593349899931246,1.496050793839732,1.2827532295781685,0.2879301208553451,0.0470014834423389,0.5747906789814758,2.05694329601887,1.6043392890731858,1.4777311370491995,0.5121637259991125,0.31100459636609923
activist_13d,0001644440,,GCP Applied Technologies Inc.  (CIK 0001644440),2022-09-27,,2022-09-27,False,False,filer_cik=0001517137 | unresolved,,,,,,,,,,,,,,,,,,
activist_13d,0001307954,HUN,Huntsman CORP  (HUN)  (CIK 0001307954),2022-05-19,,2022-05-19,True,True,filer_cik=0001517137,-0.17452174861704062,-0.1263166487166747,-0.21869075016144657,-0.25201342811066985,-0.2583823575793518,-0.22760766505159824,-0.14173331717597237,-0.2149099787266613,-0.2395129803700058,-0.34554126555595466,-0.4531334295242879,-0.6311130781872091,-0.12950456729984094,-0.23186790836130822,-0.2608240774742332,-0.27817986503157544,-0.298425578064456,-0.4331362930242356
activist_13d,0000935036,ACIW,"ACI WORLDWIDE, INC.  (ACIW)  (CIK 0000935036)",2022-04-01,,2022-04-01,True,True,filer_cik=0001517137,-0.07653907805175475,-0.12712145729817614,-0.2945091081136011,-0.1287853254622353,-0.30515808017008594,0.07687192785156882,0.004137357258484631,0.025907737196378955,-0.11078163610882175,-0.046373334219052764,-0.26556605757524687,-0.10401701942559716,0.015381578333459545,0.03804939879942748,-0.11646886151854441,0.012747465384271184,-0.1496723652384434,0.06218906059639506
activist_13d,0001386278,GDOT,GREEN DOT CORP  (GDOT)  (CIK 0001386278),2022-03-15,,2022-03-15,True,True,filer_cik=0001517137,0.06774442878725084,-0.04695917378178194,-0.23902999206666298,-0.3706697201865179,-0.4314857306386124,-0.6616628130588337,0.02429399708855784,0.07303643863522968,-0.17184030728945043,-0.3152135557842388,-0.5004577761176561,-0.9070471972107018,0.03952426419512056,0.08390086368982241,-0.17785282770317856,-0.2825352073255988,-0.3890420655275053,-0.7200067425108897
activist_13d,0000019411,,MAGELLAN HEALTH INC  (CIK 0000019411),2022-01-06,,2022-01-06,False,False,filer_cik=0001517137 | unresolved,,,,,,,,,,,,,,,,,,
activist_13d,0000856982,MMSI,MERIT MEDICAL SYSTEMS INC  (MMSI)  (CIK 0000856982),2021-10-18,,2021-10-18,True,True,filer_cik=0001517137,-0.0013003372212270214,-0.19505852013554992,0.004334677874965109,-0.1515676636690344,0.1187689832313159,-0.06487498805323444,-0.05069777766799888,-0.21944148498234672,0.002543449420668864,0.005958225440610199,0.1759131201341938,-0.048119952954623235,-0.06333669433795341,-0.12142989321791642,0.1041449591744058,0.06448520980525096,0.31395717782314514,0.16412258191383522
activist_13d,0001372612,BXCAP,BOX INC  (BOX)  (CIK 0001372612),2021-10-14,,2021-10-14,True,False,filer_cik=0001517137 | no price data,,,,,,,,,,,,,,,,,,
activist_13d,0000849399,GENVR,NortonLifeLock Inc.  (GEN)  (CIK 0000849399),2020-08-05,,2020-08-05,True,False,filer_cik=0001517137 | no price data,,,,,,,,,,,,,,,,,,
activist_13d,0001585364,PRGO,PERRIGO Co plc  (PRGO)  (CIK 0001585364),2019-08-16,,2019-08-16,True,True,filer_cik=0001517137,0.21202839882272917,0.044972205470112714,0.287650085745899,0.2054641296575752,-0.021575860655891455,-0.06409509758178411,0.1702419877922614,-0.031640455384553734,0.11074791421155084,0.012265442230485313,-0.4186260146900457,-0.6554054587494208,0.1524170280559256,-0.022482090497752294,0.15230912742087965,0.12767951694055135,-0.5615719861167751,-0.5564786340528386
activist_13d,0001683606,CARS,Cars.com Inc.  (CARS)  (CIK 0001683606),2019-08-07,,2019-08-07,True,True,filer_cik=0001517137,-0.03643721179224069,0.19939273726823092,0.34716601876981623,-0.07388668901366235,0.36538457640306676,0.319838037531331,-0.07144046930046066,0.1282820059883667,0.17630857119286958,-0.25805139424868007,-0.019221253395201865,-0.270762895175515,-0.040321426000070826,0.1298143926965727,0.22118638843073146,-0.11835942928741894,-0.15100751260202028,-0.2136323390521775
activist_13d,0001356104,,"Mellanox Technologies, Ltd.  (CIK 0001356104)",2019-03-12,,2019-03-12,False,False,filer_cik=0001517137 | unresolved,,,,,,,,,,,,,,,,,,
activist_13d,0001058057,,MARVELL TECHNOLOGY GROUP LTD  (CIK 0001058057),2019-02-14,,2019-02-14,False,False,filer_cik=0001517137 | unresolved,,,,,,,,,,,,,,,,,,
activist_13d,0001835268,CNTB,Connect Biopharma Holdings Ltd  (CNTB)  (CIK 0001835268),2023-12-20,,2023-12-20,True,True,filer_cik=0001346824,0.4588234997125653,0.5058822770432225,0.5882352776180919,0.11882346885839712,0.14235292764683538,2.2117646382341767,0.4233732075608374,0.38934583431780534,0.42182645163182286,-0.1598100054468896,-0.1890023250238615,1.7009652633733818,0.4604030840629194,0.45844646020711943,0.5575952136889093,-0.025106274697390463,0.026411484139087227,1.8944726437324433
activist_13d,0001785173,,"89bio, Inc.  (ETNB)  (CIK 0001785173)",2023-12-13,,2023-12-13,False,False,filer_cik=0001346824 | unresolved,,,,,,,,,,,,,,,,,,
activist_13d,0001768446,CLYM,"Eliem Therapeutics, Inc.  (ELYM)  (CIK 0001768446)",2023-11-17,,2023-11-17,True,True,filer_cik=0001346824,0.08661418579303093,0.06692916490042933,2.0866142796586145,0.2795275782716944,-0.5354330845394748,-0.33070863259245853,0.028992552551035944,-0.04051766166538018,1.8994274340661614,-0.04765896140820236,-0.8457727822741226,-0.8304365589935293,-0.0403698964713326,-0.04735503003132524,1.910806135224601,-0.030166087394492003,-0.6917278566651204,-0.6831533089591856
activist_13d,0001671858,SPRY,"ARS Pharmaceuticals, Inc.  (SPRY)  (CIK 0001671858)",2023-09-25,,2023-09-25,True,True,filer_cik=0001346824,-0.033333302427220435,0.43333332891817444,1.7777778513637608,2.902777934147992,2.4694444727750477,1.7000001457002467,-0.013436407518789162,0.33306172254644206,1.56885670345662,2.5661092092061324,2.1581769567062605,1.124837760607763,0.024193519330562796,0.2884681542129417,1.6089848026924625,2.6549569339724757,2.314447438776012,1.2999711744249107
activist_13d,0001831915,CTKB,"Cytek Biosciences, Inc.  (CTKB)  (CIK 0001831915)",2023-09-19,,2023-09-19,True,True,filer_cik=0001346824,-0.24610590419465173,0.4345794281459887,0.04361366505354103,-0.17601247679318255,-0.34267916821774913,-0.4221183809878343,-0.21787065743307032,0.36416409185567344,-0.14048861253560085,-0.47919391585265303,-0.6653453106990651,-0.9589040456943055,-0.19367435993902982,0.3445576948409075,-0.10030166489955761,-0.4257468759615235,-0.5181817047827307,-0.8021929757810945
activist_13d,0001817229,VOR,Vor Biopharma Inc.  (VOR)  (CIK 0001817229),2023-08-11,,2023-08-11,True,True,filer_cik=0001346824,-0.12585030284350007,-0.367346917591574,-0.24149661474807393,-0.7176870646792959,-0.5476190352617515,-0.27210884706807104,-0.1266131631186218,-0.34428010726706837,-0.3741914803510231,-0.9509907934566613,-0.9438763831978564,-0.7543623845312812,-0.09019364742387304,-0.24710444262409548,-0.3130719308016694,-0.8215749809459636,-0.7556235959525798,-0.4914869773202517
activist_13d,0001645569,,"DICE Therapeutics, Inc.  (CIK 0001645569)",2023-08-09,,2023-08-09,False,False,filer_cik=0001346824 | unresolved,,,,,,,,,,,,,,,,,,
activist_13d,0001576885,ABOS,"Acumen Pharmaceuticals, Inc.  (ABOS)  (CIK 0001576885)",2023-07-25,,2023-07-25,True,True,filer_cik=0001346824,-0.058653178494195934,-0.5206372422584747,-0.5322230382433057,-0.5061549627490404,-0.765387406872601,-0.8001448293554895,-0.031404815299604594,-0.4470887363758541,-0.6060792169235718,-0.7048659420684334,-1.1084173935583814,-1.232097596343329,-0.011813229570108996,-0.37126576369946795,-0.5377028086120592,-0.6533175585588543,-0.9509204506290463,-0.9715815910351563
activist_13d,0001798749,JBIO,"Aerovate Therapeutics, Inc.  (AVTE)  (CIK 0001798749)",2023-06-27,,2023-06-27,True,True,filer_cik=0001346824,0.06206017262186925,-0.16186821151560538,0.4843250274230151,-0.8931541863322319,-0.8317338387412206,-0.9796549298022337,0.024643612983425545,-0.14172053792162298,0.3855262788745062,-1.1633293504240638,-1.2387079498636804,-1.4334225767822268,0.004468616681564841,-0.11724756246280554,0.3618896022118512,-1.0103020971421954,-1.0874467771795566,-1.198774735317759
activist_13d,0001692830,,"Satsuma Pharmaceuticals, Inc.  (CIK 0001692830)",2023-06-12,,2023-06-12,False,False,filer_cik=0001346824 | unresolved,,,,,,,,,,,,,,,,,,
activist_13d,0001786255,,"Icosavax, Inc.  (CIK 0001786255)",2023-05-30,,2023-05-30,False,False,filer_cik=0001346824 | unresolved,,,,,,,,,,,,,,,,,,
activist_13d,0001781174,ACRV,"Acrivon Therapeutics, Inc.  (ACRV)  (CIK 0001781174)",2023-03-30,,2023-03-30,True,True,filer_cik=0001346824,-0.0993473451304483,-0.06018853705598737,-0.30674398505711986,-0.5148658393236506,-0.49383611034212427,-0.8810732421877026,-0.12860167021464042,-0.1623101712359163,-0.37333123184242134,-0.8186887557693793,-0.9317607926429599,-1.246943274811913,-0.10003244148177082,-0.13216382628328271,-0.3231914431591765,-0.6982151001616509,-0.7625631455314679,-0.9911289291735079
activist_13d,0001785530,HOWL,"Werewolf Therapeutics, Inc.  (HOWL)  (CIK 0001785530)",2023-01-10,,2023-01-10,True,True,filer_cik=0001346824,0.48430489438057034,0.11659192297732845,0.5246637068550579,1.2511210484259134,0.2825111527506128,-0.394618828567207,0.4420343307912584,0.06787631469057698,0.3649728825183878,1.0129883182906023,-0.18628010632256276,-0.9272624550711777,0.43211954092497784,0.13886885294816653,0.446212097741443,1.1629042615319491,0.0548625616241365,-0.6445060989884075
activist_13d,0001830749,,Achilles Therapeutics plc  (ACHL)  (CIK 0001830749),2022-12-30,,2022-12-30,False,False,filer_cik=0001346824 | unresolved,,,,,,,,,,,,,,,,,,
activist_13d,0001707502,SLDB,Solid Biosciences Inc.  (SLDB)  (CIK 0001707502),2022-12-05,,2022-12-05,True,True,filer_cik=0001346824,-0.094427264692305,-0.1811145618242992,-0.02941177338985901,-0.470588226610141,0.2476780761643278,-0.21826622896066772,-0.04821049328843163,-0.18402230283238696,-0.10587562994983946,-0.6265707004517166,-0.11949305406192479,-0.7841888040737756,-0.048555047472356616,-0.20621972729260019,-0.0646872213753088,-0.4930575629040298,0.12304838539902518,-0.5620901240409241
activist_13d,0001538927,,"Forma Therapeutics Holdings, Inc.  (CIK 0001538927)",2022-10-14,,2022-10-14,False,False,filer_cik=0001346824 | unresolved,,,,,,,,,,,,,,,,,,
activist_13d,0001811764,,POINT Biopharma Global Inc.  (CIK 0001811764),2022-09-26,,2022-09-26,False,False,filer_cik=0001346824 | unresolved,,,,,,,,,,,,,,,,,,
activist_13d,0001835597,PEPG,PepGen Inc.  (PEPG)  (CIK 0001835597),2022-06-23,,2022-06-23,True,True,filer_cik=0001346824,-0.011437858845290472,-0.597222228715103,0.23039221415287003,-0.22058822383609267,-0.45179737225321925,0.3823529732589406,-0.05775337544538994,-0.5911313451904461,0.1998746878075266,-0.38041815474860485,-0.7347717007632512,-0.10464106657667771,-0.07391241183198882,-0.6064079752542619,0.18448924700044578,-0.3022821733503508,-0.6676501466170887,0.16880720600919252
activist_13d,0001631574,WVE,Wave Life Sciences Ltd.  (WVE)  (CIK 0001631574),2022-06-21,,2022-06-21,True,True,filer_cik=0001346824,0.8155340356419583,0.7815534845802201,1.538835031236307,0.985437022425004,1.3300972446913093,1.5291263023615245,0.7522925096468593,0.7532980260576458,1.5168038556275578,0.8026228445083361,1.0516116749405315,1.0378894499081335,0.730604897625293,0.7225552471928143,1.5057820889887996,0.8772758115320771,1.133719227682908,1.2960911864285172
activist_13d,0001479419,KALA,"Kala Pharmaceuticals, Inc.  (KALA)  (CIK 0001479419)",2022-06-03,,2022-06-03,True,True,filer_cik=0001346824,-0.13684212534051188,-0.11578951383891856,-0.7357894746880782,-0.16631578144274262,-0.5310526396098889,-0.6542105172809802,-0.07440132198882188,-0.07534132829155371,-0.7353181403397525,-0.22658263366850517,-0.6702955682395777,-0.9977878837113068,-0.05634434861047688,-0.0810659176236107,-0.7489449853709167,-0.1675840122607516,-0.5402438336102859,-0.7754108399315465
activist_13d,0001787400,NKTX,"Nkarta, Inc.  (NKTX)  (CIK 0001787400)",2022-05-02,,2022-05-02,True,True,filer_cik=0001346824,-0.27490680209078733,-0.31806074168525067,-0.32818330585274536,-0.741608961835347,-0.8982418795929553,-0.6057538670806673,-0.2631088589557731,-0.3068242681939163,-0.2678467944373112,-0.742701711236101,-0.9427779536285169,-0.8783897071757312,-0.26083462310911887,-0.3212864848925988,-0.3168074295930562,-0.6786472492308111,-0.8046504397951626,-0.7186588348782688
activist_13d,0001731831,,"Eidos Therapeutics, Inc.  (CIK 0001731831)",2020-10-07,,2020-10-07,False,False,filer_cik=0001346824 | unresolved,,,,,,,,,,,,,,,,,,
activist_13d,0001481512,,"Ra Pharmaceuticals, Inc.  (CIK 0001481512)",2019-10-11,,2019-10-11,False,False,filer_cik=0001346824 | unresolved,,,,,,,,,,,,,,,,,,
activist_13d,0001348911,KALV,"KalVista Pharmaceuticals, Inc.  (KALV)  (CIK 0001348911)",2019-04-24,,2019-04-24,True,True,filer_cik=0001346824,-0.01582019404135404,-0.25520403627360944,-0.5407993537566271,-0.5757702170613523,-0.33430476826032185,0.01873434000894747,0.018707140040164272,-0.2917370022613337,-0.5737247094951676,-0.5502843982039609,-0.5411554253682124,-0.45980924733052,0.03903233615412105,-0.25364993027516725,-0.5233222241327374,-0.348284564682635,-0.3648066155600508,-0.44826845044472363
activist_13d,0001064728,BTU,PEABODY ENERGY CORP  (BTU)  (CIK 0001064728),2023-12-21,,2023-12-21,True,True,filer_cik=0001791786,0.09856250751657525,-0.014559121339831949,-0.1013725751366562,-0.15571054428410525,-0.4678226728359699,0.2844648715684006,0.07171666246318531,-0.11755253024671664,-0.2612753412889074,-0.42991893713814455,-0.793225440115947,-0.21199214555963186,0.124912635751385,-0.046829948870574345,-0.11144450180052579,-0.2779155170604056,-0.5654490263331352,-0.004174742587218061
activist_13d,0001737706,SDRL,Seadrill Ltd  (SDRL)  (CIK 0001737706),2023-12-04,,2023-12-04,True,True,filer_cik=0001791786,0.08310055332646749,0.030726250534332866,0.15270022144069473,-0.06471133236829307,-0.3705772464669207,-0.26652698090324856,0.05576361903437066,-0.08998312763327876,-0.026448982248931108,-0.4132784094001267,-0.7099306691782484,-0.802137734859189,0.04221759992624463,-0.07153992642204243,0.048658146156010496,-0.36972035842362083,-0.5324772896969089,-0.6403596263391503
activist_13d,0000004281,HWM,"Howmet Aerospace Inc.  (HWM, HWM-P)  (CIK 0000004281)",2023-06-02,,2023-06-02,True,True,filer_cik=0001791786,0.08353645811007926,0.10195876681366522,0.17436060967515066,0.8294784720403641,1.6522774532051732,2.9105566395789126,0.044145810753304815,0.0436626926868966,0.09371279119795872,0.5768103976376113,1.2115477347541197,2.472081482627801,0.060053066487257833,0.050544119427274214,0.15088894719361545,0.7046325364832202,1.3071550296413805,2.71687593599725
activist_13d,0001410098,CRMD,CorMedix Inc.  (CRMD)  (CIK 0001410098),2021-02-11,,2021-02-11,True,True,filer_cik=0001791786,-0.3030074943742179,-0.4315789598224187,-0.5526315997040312,-0.6887218190139854,-0.6879699221163595,-0.6774436165165203,-0.31759593004802056,-0.48510636038708466,-0.6993356870300902,-0.8540599683694019,-0.8039201845224409,-0.7655129705906316,-0.3374261407275777,-0.3854035567123022,-0.5406974601504649,-0.5949485792136756,-0.5845877421657083,-0.5477908506933723
activist_13d,0001464790,RILYT,"B. Riley Financial, Inc.  (RILY, RILYG, RILYK, RILYL, RILYM, RILYN, RILYP, RILYT, RILYZ)  (CIK 0001464790)",2020-01-23,,2020-01-23,True,True,filer_cik=0001791786,0.0075899648715183066,0.03202414430030398,0.08380580065585463,0.06656426237871771,,,0.03562563667857155,0.18576521535046842,0.1001791870725458,-0.10921734822026297,,,0.03971895183921492,0.310583044177577,0.19197820139487531,-0.23570512965224522,,
activist_13d,0001440024,,"Roadrunner Transportation Systems, Inc.  (CIK 0001440024)",2020-01-13,,2020-01-13,False,False,filer_cik=0001791786 | unresolved,,,,,,,,,,,,,,,,,,
activist_13d,0000701985,BBWI,"Bath & Body Works, Inc.  (BBWI)  (CIK 0000701985)",2023-03-06,,2023-03-06,True,True,filer_cik=0001040273,-0.07115629863619388,0.017208875017304504,-0.0330923285384076,0.16276203241084497,-0.22849588047504588,-0.1917131791238249,-0.08539647843725484,-0.042771064533750014,-0.1521607895427618,-0.11668392518989124,-0.6167387636514221,-0.6167880162153179,-0.0038380796807429007,0.062027881089395165,-0.029587882538562593,0.05884917738927631,-0.3744205341290041,-0.2842332620589596
activist_13d,0001583708,S,"SentinelOne, Inc.  (S)  (CIK 0001583708)",2023-01-30,,2023-01-30,True,True,filer_cik=0001040273,0.05003423814953467,0.12474295241877686,0.16175466659833848,0.8368745001217095,0.4825222025052547,0.6148046072339104,0.06463779520720803,0.0835391425740688,0.013637437306352806,0.6131316705995851,0.0976655047812518,0.0804685228581914,0.04211732712459004,0.1835489058652241,0.09681614469286948,0.7897256570829763,0.30042934316145975,0.38533314368158034
activist_13d,0001799983,,"Global Blue Group Holding AG  (GB, GB-WT)  (CIK 0001799983)",2022-12-02,,2022-12-02,False,False,filer_cik=0001040273 | unresolved,,,,,,,,,,,,,,,,,,
activist_13d,0001851194,,"Ventyx Biosciences, Inc.  (VTYX)  (CIK 0001851194)",2022-11-09,,2022-11-09,False,False,filer_cik=0001040273 | unresolved,,,,,,,,,,,,,,,,,,
activist_13d,0001800682,,"Cano Health, Inc.  (CIK 0001800682)",2022-10-25,,2022-10-25,False,False,filer_cik=0001040273 | unresolved,,,,,,,,,,,,,,,,,,
activist_13d,0001735858,,Far Point Acquisition Corp  (CIK 0001735858),2020-08-17,,2020-08-17,False,False,filer_cik=0001040273 | unresolved,,,,,,,,,,,,,,,,,,
activist_13d,0000016732,CPB,CAMPBELL SOUP CO  (CPB)  (CIK 0000016732),2020-01-07,,2020-01-07,True,True,filer_cik=0001040273,-0.000622655000126926,-0.03008920522359637,0.035560970790268875,0.016096479881408943,-0.012516684812971413,-0.022098647915132386,-0.03548139199317224,0.14355735907162925,0.04575907104513344,-0.1629879054196599,-0.38160486654150794,-0.5202140408919382,-0.013547090689024488,0.28206704927510107,0.16802043011724221,-0.24267644903209384,-0.3815809927641225,-0.3725185029984266
activist_13d,0000823094,,SOTHEBYS  (CIK 0000823094),2019-06-17,,2019-06-17,False,False,filer_cik=0001040273 | unresolved,,,,,,,,,,,,,,,,,,
activist_13d,0000010456,BAX,BAXTER INTERNATIONAL INC  (BAX)  (CIK 0000010456),2019-05-17,,2019-05-17,True,True,filer_cik=0001040273,0.06331746679070549,0.14792357707750003,0.06839713877932407,0.1548445688986435,0.10162250424512265,0.1163014307243162,0.04036789329895085,0.13247851968786284,-0.02484386640865277,0.10171112528100212,-0.18753994103247207,-0.37788434705620055,0.0521101346902626,0.17204060703691326,0.026686670047620265,0.2740247817695928,-0.05848775375694504,-0.35967824729806996
